{"file":"freeChange.png","frames":{
"freeChange6_png":{"x":1168,"y":564,"w":292,"h":141,"offX":0,"offY":0,"sourceW":292,"sourceH":141},
"freeChange7_png":{"x":876,"y":564,"w":292,"h":141,"offX":0,"offY":0,"sourceW":292,"sourceH":141},
"freeChange8_png":{"x":584,"y":564,"w":292,"h":141,"offX":0,"offY":0,"sourceW":292,"sourceH":141},
"freeChange9_png":{"x":292,"y":564,"w":292,"h":141,"offX":0,"offY":0,"sourceW":292,"sourceH":141},
"freeChange10_png":{"x":0,"y":564,"w":292,"h":141,"offX":0,"offY":0,"sourceW":292,"sourceH":141},
"freeChange11_png":{"x":1752,"y":423,"w":292,"h":141,"offX":0,"offY":0,"sourceW":292,"sourceH":141},
"freeChange12_png":{"x":1460,"y":423,"w":292,"h":141,"offX":0,"offY":0,"sourceW":292,"sourceH":141},
"freeChange13_png":{"x":1168,"y":423,"w":292,"h":141,"offX":0,"offY":0,"sourceW":292,"sourceH":141},
"freeChange14_png":{"x":876,"y":423,"w":292,"h":141,"offX":0,"offY":0,"sourceW":292,"sourceH":141},
"freeChange15_png":{"x":584,"y":423,"w":292,"h":141,"offX":0,"offY":0,"sourceW":292,"sourceH":141},
"freeChange16_png":{"x":292,"y":423,"w":292,"h":141,"offX":0,"offY":0,"sourceW":292,"sourceH":141},
"freeChange17_png":{"x":0,"y":423,"w":292,"h":141,"offX":0,"offY":0,"sourceW":292,"sourceH":141},
"freeChange18_png":{"x":1752,"y":282,"w":292,"h":141,"offX":0,"offY":0,"sourceW":292,"sourceH":141},
"freeChange19_png":{"x":1460,"y":282,"w":292,"h":141,"offX":0,"offY":0,"sourceW":292,"sourceH":141},
"freeChange20_png":{"x":1168,"y":282,"w":292,"h":141,"offX":0,"offY":0,"sourceW":292,"sourceH":141},
"freeChange21_png":{"x":876,"y":282,"w":292,"h":141,"offX":0,"offY":0,"sourceW":292,"sourceH":141},
"freeChange22_png":{"x":584,"y":282,"w":292,"h":141,"offX":0,"offY":0,"sourceW":292,"sourceH":141},
"freeChange23_png":{"x":292,"y":282,"w":292,"h":141,"offX":0,"offY":0,"sourceW":292,"sourceH":141},
"freeChange24_png":{"x":0,"y":282,"w":292,"h":141,"offX":0,"offY":0,"sourceW":292,"sourceH":141},
"freeChange25_png":{"x":1752,"y":141,"w":292,"h":141,"offX":0,"offY":0,"sourceW":292,"sourceH":141},
"freeChange26_png":{"x":1460,"y":141,"w":292,"h":141,"offX":0,"offY":0,"sourceW":292,"sourceH":141},
"freeChange27_png":{"x":1168,"y":141,"w":292,"h":141,"offX":0,"offY":0,"sourceW":292,"sourceH":141},
"freeChange28_png":{"x":876,"y":141,"w":292,"h":141,"offX":0,"offY":0,"sourceW":292,"sourceH":141},
"freeChange29_png":{"x":584,"y":141,"w":292,"h":141,"offX":0,"offY":0,"sourceW":292,"sourceH":141},
"freeChange30_png":{"x":292,"y":141,"w":292,"h":141,"offX":0,"offY":0,"sourceW":292,"sourceH":141},
"freeChange31_png":{"x":0,"y":141,"w":292,"h":141,"offX":0,"offY":0,"sourceW":292,"sourceH":141},
"freeChange32_png":{"x":1752,"y":0,"w":292,"h":141,"offX":0,"offY":0,"sourceW":292,"sourceH":141},
"freeChange33_png":{"x":1460,"y":0,"w":292,"h":141,"offX":0,"offY":0,"sourceW":292,"sourceH":141},
"freeChange1_png":{"x":1168,"y":0,"w":292,"h":141,"offX":0,"offY":0,"sourceW":292,"sourceH":141},
"freeChange2_png":{"x":876,"y":0,"w":292,"h":141,"offX":0,"offY":0,"sourceW":292,"sourceH":141},
"freeChange3_png":{"x":584,"y":0,"w":292,"h":141,"offX":0,"offY":0,"sourceW":292,"sourceH":141},
"freeChange4_png":{"x":292,"y":0,"w":292,"h":141,"offX":0,"offY":0,"sourceW":292,"sourceH":141},
"freeChange5_png":{"x":0,"y":0,"w":292,"h":141,"offX":0,"offY":0,"sourceW":292,"sourceH":141}}}