{"file":"FuYunAni.png","frames":{
"FuYunAni1_png":{"x":381,"y":381,"w":127,"h":127,"offX":1,"offY":1,"sourceW":128,"sourceH":128},
"FuYunAni2_png":{"x":254,"y":381,"w":127,"h":127,"offX":1,"offY":1,"sourceW":128,"sourceH":128},
"FuYunAni3_png":{"x":127,"y":381,"w":127,"h":127,"offX":1,"offY":1,"sourceW":128,"sourceH":128},
"FuYunAni4_png":{"x":0,"y":381,"w":127,"h":127,"offX":1,"offY":1,"sourceW":128,"sourceH":128},
"FuYunAni5_png":{"x":381,"y":254,"w":127,"h":127,"offX":1,"offY":1,"sourceW":128,"sourceH":128},
"FuYunAni6_png":{"x":254,"y":254,"w":127,"h":127,"offX":1,"offY":1,"sourceW":128,"sourceH":128},
"FuYunAni7_png":{"x":127,"y":254,"w":127,"h":127,"offX":1,"offY":1,"sourceW":128,"sourceH":128},
"FuYunAni8_png":{"x":0,"y":254,"w":127,"h":127,"offX":1,"offY":1,"sourceW":128,"sourceH":128},
"FuYunAni9_png":{"x":381,"y":127,"w":127,"h":127,"offX":1,"offY":1,"sourceW":128,"sourceH":128},
"FuYunAni10_png":{"x":254,"y":127,"w":127,"h":127,"offX":1,"offY":1,"sourceW":128,"sourceH":128},
"FuYunAni11_png":{"x":127,"y":127,"w":127,"h":127,"offX":1,"offY":1,"sourceW":128,"sourceH":128},
"FuYunAni12_png":{"x":0,"y":127,"w":127,"h":127,"offX":1,"offY":1,"sourceW":128,"sourceH":128},
"FuYunAni13_png":{"x":381,"y":0,"w":127,"h":127,"offX":1,"offY":1,"sourceW":128,"sourceH":128},
"FuYunAni14_png":{"x":254,"y":0,"w":127,"h":127,"offX":1,"offY":1,"sourceW":128,"sourceH":128},
"FuYunAni15_png":{"x":127,"y":0,"w":127,"h":127,"offX":1,"offY":1,"sourceW":128,"sourceH":128},
"FuYunAni16_png":{"x":0,"y":0,"w":127,"h":127,"offX":1,"offY":1,"sourceW":128,"sourceH":128}}}