{"file":"T_hongbao.png","frames":{
"T_hongbao_2_png":{"x":0,"y":600,"w":200,"h":200,"offX":0,"offY":0,"sourceW":200,"sourceH":200},
"T_hongbao_3_png":{"x":800,"y":400,"w":200,"h":200,"offX":0,"offY":0,"sourceW":200,"sourceH":200},
"T_hongbao_4_png":{"x":600,"y":400,"w":200,"h":200,"offX":0,"offY":0,"sourceW":200,"sourceH":200},
"T_hongbao_5_png":{"x":400,"y":400,"w":200,"h":200,"offX":0,"offY":0,"sourceW":200,"sourceH":200},
"T_hongbao_6_png":{"x":200,"y":400,"w":200,"h":200,"offX":0,"offY":0,"sourceW":200,"sourceH":200},
"T_hongbao_7_png":{"x":0,"y":400,"w":200,"h":200,"offX":0,"offY":0,"sourceW":200,"sourceH":200},
"T_hongbao_8_png":{"x":800,"y":200,"w":200,"h":200,"offX":0,"offY":0,"sourceW":200,"sourceH":200},
"T_hongbao_9_png":{"x":600,"y":200,"w":200,"h":200,"offX":0,"offY":0,"sourceW":200,"sourceH":200},
"T_hongbao_10_png":{"x":400,"y":200,"w":200,"h":200,"offX":0,"offY":0,"sourceW":200,"sourceH":200},
"T_hongbao_11_png":{"x":200,"y":200,"w":200,"h":200,"offX":0,"offY":0,"sourceW":200,"sourceH":200},
"T_hongbao_12_png":{"x":0,"y":200,"w":200,"h":200,"offX":0,"offY":0,"sourceW":200,"sourceH":200},
"T_hongbao_13_png":{"x":800,"y":0,"w":200,"h":200,"offX":0,"offY":0,"sourceW":200,"sourceH":200},
"T_hongbao_14_png":{"x":600,"y":0,"w":200,"h":200,"offX":0,"offY":0,"sourceW":200,"sourceH":200},
"T_hongbao_15_png":{"x":400,"y":0,"w":200,"h":200,"offX":0,"offY":0,"sourceW":200,"sourceH":200},
"T_hongbao_16_png":{"x":200,"y":0,"w":200,"h":200,"offX":0,"offY":0,"sourceW":200,"sourceH":200},
"T_hongbao_1_png":{"x":0,"y":0,"w":200,"h":200,"offX":0,"offY":0,"sourceW":200,"sourceH":200}}}