{"file":"title.png","frames":{
"title14_png":{"x":1544,"y":891,"w":386,"h":81,"offX":20,"offY":0,"sourceW":429,"sourceH":88},
"title15_png":{"x":1158,"y":891,"w":386,"h":81,"offX":20,"offY":0,"sourceW":429,"sourceH":88},
"title16_png":{"x":772,"y":891,"w":386,"h":81,"offX":20,"offY":0,"sourceW":429,"sourceH":88},
"title17_png":{"x":386,"y":891,"w":386,"h":81,"offX":20,"offY":0,"sourceW":429,"sourceH":88},
"title18_png":{"x":0,"y":891,"w":386,"h":81,"offX":20,"offY":0,"sourceW":429,"sourceH":88},
"title19_png":{"x":1544,"y":810,"w":386,"h":81,"offX":20,"offY":0,"sourceW":429,"sourceH":88},
"title20_png":{"x":1158,"y":810,"w":386,"h":81,"offX":20,"offY":0,"sourceW":429,"sourceH":88},
"title21_png":{"x":772,"y":810,"w":386,"h":81,"offX":20,"offY":0,"sourceW":429,"sourceH":88},
"title22_png":{"x":386,"y":810,"w":386,"h":81,"offX":20,"offY":0,"sourceW":429,"sourceH":88},
"title23_png":{"x":0,"y":810,"w":386,"h":81,"offX":20,"offY":0,"sourceW":429,"sourceH":88},
"title24_png":{"x":1544,"y":729,"w":386,"h":81,"offX":20,"offY":0,"sourceW":429,"sourceH":88},
"title25_png":{"x":1158,"y":729,"w":386,"h":81,"offX":20,"offY":0,"sourceW":429,"sourceH":88},
"title26_png":{"x":772,"y":729,"w":386,"h":81,"offX":20,"offY":0,"sourceW":429,"sourceH":88},
"title27_png":{"x":386,"y":729,"w":386,"h":81,"offX":20,"offY":0,"sourceW":429,"sourceH":88},
"title28_png":{"x":0,"y":729,"w":386,"h":81,"offX":20,"offY":0,"sourceW":429,"sourceH":88},
"title29_png":{"x":1544,"y":648,"w":386,"h":81,"offX":20,"offY":0,"sourceW":429,"sourceH":88},
"title30_png":{"x":1158,"y":648,"w":386,"h":81,"offX":20,"offY":0,"sourceW":429,"sourceH":88},
"title31_png":{"x":772,"y":648,"w":386,"h":81,"offX":20,"offY":0,"sourceW":429,"sourceH":88},
"title32_png":{"x":386,"y":648,"w":386,"h":81,"offX":20,"offY":0,"sourceW":429,"sourceH":88},
"title33_png":{"x":0,"y":648,"w":386,"h":81,"offX":20,"offY":0,"sourceW":429,"sourceH":88},
"title34_png":{"x":1544,"y":567,"w":386,"h":81,"offX":20,"offY":0,"sourceW":429,"sourceH":88},
"title35_png":{"x":1158,"y":567,"w":386,"h":81,"offX":20,"offY":0,"sourceW":429,"sourceH":88},
"title36_png":{"x":772,"y":567,"w":386,"h":81,"offX":20,"offY":0,"sourceW":429,"sourceH":88},
"title37_png":{"x":386,"y":567,"w":386,"h":81,"offX":20,"offY":0,"sourceW":429,"sourceH":88},
"title38_png":{"x":0,"y":567,"w":386,"h":81,"offX":20,"offY":0,"sourceW":429,"sourceH":88},
"title39_png":{"x":1544,"y":486,"w":386,"h":81,"offX":20,"offY":0,"sourceW":429,"sourceH":88},
"title40_png":{"x":1158,"y":486,"w":386,"h":81,"offX":20,"offY":0,"sourceW":429,"sourceH":88},
"title41_png":{"x":772,"y":486,"w":386,"h":81,"offX":20,"offY":0,"sourceW":429,"sourceH":88},
"title42_png":{"x":386,"y":486,"w":386,"h":81,"offX":20,"offY":0,"sourceW":429,"sourceH":88},
"title43_png":{"x":0,"y":486,"w":386,"h":81,"offX":20,"offY":0,"sourceW":429,"sourceH":88},
"title44_png":{"x":1544,"y":405,"w":386,"h":81,"offX":20,"offY":0,"sourceW":429,"sourceH":88},
"title45_png":{"x":1158,"y":405,"w":386,"h":81,"offX":20,"offY":0,"sourceW":429,"sourceH":88},
"title46_png":{"x":772,"y":405,"w":386,"h":81,"offX":20,"offY":0,"sourceW":429,"sourceH":88},
"title47_png":{"x":386,"y":405,"w":386,"h":81,"offX":20,"offY":0,"sourceW":429,"sourceH":88},
"title48_png":{"x":0,"y":405,"w":386,"h":81,"offX":20,"offY":0,"sourceW":429,"sourceH":88},
"title49_png":{"x":1544,"y":324,"w":386,"h":81,"offX":20,"offY":0,"sourceW":429,"sourceH":88},
"title50_png":{"x":1158,"y":324,"w":386,"h":81,"offX":20,"offY":0,"sourceW":429,"sourceH":88},
"title51_png":{"x":772,"y":324,"w":386,"h":81,"offX":20,"offY":0,"sourceW":429,"sourceH":88},
"title52_png":{"x":386,"y":324,"w":386,"h":81,"offX":20,"offY":0,"sourceW":429,"sourceH":88},
"title53_png":{"x":0,"y":324,"w":386,"h":81,"offX":20,"offY":0,"sourceW":429,"sourceH":88},
"title54_png":{"x":1544,"y":243,"w":386,"h":81,"offX":20,"offY":0,"sourceW":429,"sourceH":88},
"title55_png":{"x":1158,"y":243,"w":386,"h":81,"offX":20,"offY":0,"sourceW":429,"sourceH":88},
"title56_png":{"x":772,"y":243,"w":386,"h":81,"offX":20,"offY":0,"sourceW":429,"sourceH":88},
"title57_png":{"x":386,"y":243,"w":386,"h":81,"offX":20,"offY":0,"sourceW":429,"sourceH":88},
"title58_png":{"x":0,"y":243,"w":386,"h":81,"offX":20,"offY":0,"sourceW":429,"sourceH":88},
"title59_png":{"x":1544,"y":162,"w":386,"h":81,"offX":20,"offY":0,"sourceW":429,"sourceH":88},
"title60_png":{"x":1158,"y":162,"w":386,"h":81,"offX":20,"offY":0,"sourceW":429,"sourceH":88},
"title1_png":{"x":772,"y":162,"w":386,"h":81,"offX":20,"offY":0,"sourceW":429,"sourceH":88},
"title2_png":{"x":386,"y":162,"w":386,"h":81,"offX":20,"offY":0,"sourceW":429,"sourceH":88},
"title3_png":{"x":0,"y":162,"w":386,"h":81,"offX":20,"offY":0,"sourceW":429,"sourceH":88},
"title4_png":{"x":1544,"y":81,"w":386,"h":81,"offX":20,"offY":0,"sourceW":429,"sourceH":88},
"title5_png":{"x":1158,"y":81,"w":386,"h":81,"offX":20,"offY":0,"sourceW":429,"sourceH":88},
"title6_png":{"x":772,"y":81,"w":386,"h":81,"offX":20,"offY":0,"sourceW":429,"sourceH":88},
"title7_png":{"x":386,"y":81,"w":386,"h":81,"offX":20,"offY":0,"sourceW":429,"sourceH":88},
"title8_png":{"x":0,"y":81,"w":386,"h":81,"offX":20,"offY":0,"sourceW":429,"sourceH":88},
"title9_png":{"x":1544,"y":0,"w":386,"h":81,"offX":20,"offY":0,"sourceW":429,"sourceH":88},
"title10_png":{"x":1158,"y":0,"w":386,"h":81,"offX":20,"offY":0,"sourceW":429,"sourceH":88},
"title11_png":{"x":772,"y":0,"w":386,"h":81,"offX":20,"offY":0,"sourceW":429,"sourceH":88},
"title12_png":{"x":386,"y":0,"w":386,"h":81,"offX":20,"offY":0,"sourceW":429,"sourceH":88},
"title13_png":{"x":0,"y":0,"w":386,"h":81,"offX":20,"offY":0,"sourceW":429,"sourceH":88}}}