{"file":"wildText.png","frames":{
"wildText2_png":{"x":267,"y":327,"w":133,"h":43,"offX":10,"offY":3,"sourceW":153,"sourceH":49},
"wildText3_png":{"x":0,"y":284,"w":135,"h":43,"offX":9,"offY":3,"sourceW":153,"sourceH":49},
"wildText4_png":{"x":137,"y":282,"w":137,"h":45,"offX":8,"offY":2,"sourceW":153,"sourceH":49},
"wildText5_png":{"x":282,"y":237,"w":139,"h":45,"offX":7,"offY":2,"sourceW":153,"sourceH":49},
"wildText6_png":{"x":284,"y":192,"w":141,"h":45,"offX":6,"offY":2,"sourceW":153,"sourceH":49},
"wildText7_png":{"x":0,"y":192,"w":143,"h":47,"offX":5,"offY":1,"sourceW":153,"sourceH":49},
"wildText8_png":{"x":0,"y":145,"w":145,"h":47,"offX":4,"offY":1,"sourceW":153,"sourceH":49},
"wildText9_png":{"x":147,"y":98,"w":147,"h":47,"offX":3,"offY":1,"sourceW":153,"sourceH":49},
"wildText10_png":{"x":300,"y":49,"w":149,"h":49,"offX":2,"offY":0,"sourceW":153,"sourceH":49},
"wildText11_png":{"x":0,"y":49,"w":151,"h":49,"offX":1,"offY":0,"sourceW":153,"sourceH":49},
"wildText12_png":{"x":153,"y":0,"w":153,"h":49,"offX":0,"offY":0,"sourceW":153,"sourceH":49},
"wildText13_png":{"x":0,"y":0,"w":153,"h":49,"offX":0,"offY":0,"sourceW":153,"sourceH":49},
"wildText14_png":{"x":306,"y":0,"w":151,"h":49,"offX":1,"offY":0,"sourceW":153,"sourceH":49},
"wildText15_png":{"x":151,"y":49,"w":149,"h":49,"offX":2,"offY":0,"sourceW":153,"sourceH":49},
"wildText16_png":{"x":0,"y":98,"w":147,"h":47,"offX":3,"offY":1,"sourceW":153,"sourceH":49},
"wildText17_png":{"x":294,"y":98,"w":145,"h":47,"offX":4,"offY":1,"sourceW":153,"sourceH":49},
"wildText18_png":{"x":145,"y":145,"w":144,"h":47,"offX":5,"offY":1,"sourceW":153,"sourceH":49},
"wildText19_png":{"x":289,"y":145,"w":143,"h":47,"offX":5,"offY":1,"sourceW":153,"sourceH":49},
"wildText20_png":{"x":143,"y":192,"w":141,"h":45,"offX":6,"offY":2,"sourceW":153,"sourceH":49},
"wildText21_png":{"x":143,"y":237,"w":139,"h":45,"offX":7,"offY":2,"sourceW":153,"sourceH":49},
"wildText22_png":{"x":0,"y":239,"w":137,"h":45,"offX":8,"offY":2,"sourceW":153,"sourceH":49},
"wildText23_png":{"x":274,"y":282,"w":135,"h":45,"offX":9,"offY":2,"sourceW":153,"sourceH":49},
"wildText24_png":{"x":0,"y":327,"w":134,"h":43,"offX":10,"offY":3,"sourceW":153,"sourceH":49},
"wildText25_png":{"x":134,"y":327,"w":133,"h":43,"offX":10,"offY":3,"sourceW":153,"sourceH":49},
"wildText1_png":{"x":0,"y":370,"w":131,"h":43,"offX":11,"offY":3,"sourceW":153,"sourceH":49}}}