{"file":"zz.png","frames":{
"zz_22_png":{"x":472,"y":0,"w":118,"h":120,"offX":6,"offY":5,"sourceW":128,"sourceH":128},
"zz_23_png":{"x":354,"y":0,"w":118,"h":120,"offX":6,"offY":5,"sourceW":128,"sourceH":128},
"zz_24_png":{"x":236,"y":0,"w":118,"h":120,"offX":6,"offY":5,"sourceW":128,"sourceH":128},
"zz_25_png":{"x":118,"y":0,"w":118,"h":120,"offX":6,"offY":5,"sourceW":128,"sourceH":128},
"zz_26_png":{"x":0,"y":0,"w":118,"h":120,"offX":6,"offY":5,"sourceW":128,"sourceH":128},
"zz_27_png":{"x":590,"y":119,"w":117,"h":120,"offX":6,"offY":5,"sourceW":128,"sourceH":128},
"zz_28_png":{"x":826,"y":0,"w":117,"h":120,"offX":6,"offY":5,"sourceW":128,"sourceH":128},
"zz_29_png":{"x":351,"y":120,"w":117,"h":120,"offX":6,"offY":5,"sourceW":128,"sourceH":128},
"zz_30_png":{"x":234,"y":120,"w":117,"h":120,"offX":6,"offY":5,"sourceW":128,"sourceH":128},
"zz_31_png":{"x":117,"y":120,"w":117,"h":120,"offX":6,"offY":5,"sourceW":128,"sourceH":128},
"zz_32_png":{"x":0,"y":120,"w":117,"h":120,"offX":6,"offY":5,"sourceW":128,"sourceH":128},
"zz_33_png":{"x":707,"y":119,"w":117,"h":120,"offX":6,"offY":5,"sourceW":128,"sourceH":128},
"zz_34_png":{"x":468,"y":239,"w":117,"h":119,"offX":6,"offY":6,"sourceW":128,"sourceH":128},
"zz_35_png":{"x":824,"y":120,"w":117,"h":119,"offX":6,"offY":6,"sourceW":128,"sourceH":128},
"zz_36_png":{"x":819,"y":239,"w":116,"h":119,"offX":7,"offY":6,"sourceW":128,"sourceH":128},
"zz_37_png":{"x":116,"y":240,"w":116,"h":119,"offX":7,"offY":6,"sourceW":128,"sourceH":128},
"zz_38_png":{"x":0,"y":240,"w":116,"h":119,"offX":7,"offY":6,"sourceW":128,"sourceH":128},
"zz_39_png":{"x":232,"y":240,"w":115,"h":119,"offX":7,"offY":6,"sourceW":128,"sourceH":128},
"zz_40_png":{"x":695,"y":358,"w":115,"h":118,"offX":7,"offY":7,"sourceW":128,"sourceH":128},
"zz_41_png":{"x":810,"y":358,"w":115,"h":117,"offX":7,"offY":7,"sourceW":128,"sourceH":128},
"zz_42_png":{"x":347,"y":357,"w":116,"h":117,"offX":6,"offY":7,"sourceW":128,"sourceH":128},
"zz_43_png":{"x":0,"y":359,"w":114,"h":116,"offX":7,"offY":7,"sourceW":128,"sourceH":128},
"zz_44_png":{"x":114,"y":359,"w":114,"h":116,"offX":7,"offY":7,"sourceW":128,"sourceH":128},
"zz_45_png":{"x":340,"y":474,"w":112,"h":113,"offX":7,"offY":9,"sourceW":128,"sourceH":128},
"zz_46_png":{"x":228,"y":474,"w":112,"h":113,"offX":7,"offY":9,"sourceW":128,"sourceH":128},
"zz_47_png":{"x":918,"y":475,"w":106,"h":107,"offX":13,"offY":12,"sourceW":128,"sourceH":128},
"zz_48_png":{"x":564,"y":585,"w":106,"h":107,"offX":13,"offY":12,"sourceW":128,"sourceH":128},
"zz_49_png":{"x":224,"y":587,"w":105,"h":107,"offX":13,"offY":12,"sourceW":128,"sourceH":128},
"zz_50_png":{"x":329,"y":587,"w":105,"h":107,"offX":13,"offY":12,"sourceW":128,"sourceH":128},
"zz_51_png":{"x":670,"y":688,"w":104,"h":105,"offX":13,"offY":14,"sourceW":128,"sourceH":128},
"zz_52_png":{"x":774,"y":689,"w":104,"h":105,"offX":13,"offY":14,"sourceW":128,"sourceH":128},
"zz_53_png":{"x":894,"y":688,"w":104,"h":105,"offX":13,"offY":15,"sourceW":128,"sourceH":128},
"zz_54_png":{"x":640,"y":793,"w":103,"h":102,"offX":14,"offY":15,"sourceW":128,"sourceH":128},
"zz_55_png":{"x":0,"y":692,"w":103,"h":103,"offX":14,"offY":14,"sourceW":128,"sourceH":128},
"zz_56_png":{"x":434,"y":692,"w":103,"h":103,"offX":13,"offY":14,"sourceW":128,"sourceH":128},
"zz_57_png":{"x":537,"y":692,"w":103,"h":102,"offX":13,"offY":15,"sourceW":128,"sourceH":128},
"zz_58_png":{"x":308,"y":694,"w":103,"h":102,"offX":13,"offY":15,"sourceW":128,"sourceH":128},
"zz_59_png":{"x":103,"y":692,"w":103,"h":103,"offX":13,"offY":14,"sourceW":128,"sourceH":128},
"zz_60_png":{"x":206,"y":694,"w":102,"h":103,"offX":14,"offY":14,"sourceW":128,"sourceH":128},
"zz_61_png":{"x":878,"y":793,"w":102,"h":102,"offX":14,"offY":14,"sourceW":128,"sourceH":128},
"zz_1_png":{"x":0,"y":588,"w":108,"h":104,"offX":11,"offY":15,"sourceW":128,"sourceH":128},
"zz_2_png":{"x":434,"y":588,"w":108,"h":104,"offX":11,"offY":15,"sourceW":128,"sourceH":128},
"zz_3_png":{"x":108,"y":588,"w":108,"h":104,"offX":11,"offY":15,"sourceW":128,"sourceH":128},
"zz_4_png":{"x":894,"y":584,"w":110,"h":104,"offX":10,"offY":14,"sourceW":128,"sourceH":128},
"zz_5_png":{"x":784,"y":584,"w":110,"h":105,"offX":10,"offY":13,"sourceW":128,"sourceH":128},
"zz_6_png":{"x":674,"y":476,"w":110,"h":106,"offX":11,"offY":12,"sourceW":128,"sourceH":128},
"zz_7_png":{"x":674,"y":582,"w":110,"h":106,"offX":11,"offY":12,"sourceW":128,"sourceH":128},
"zz_8_png":{"x":810,"y":475,"w":108,"h":109,"offX":11,"offY":11,"sourceW":128,"sourceH":128},
"zz_9_png":{"x":564,"y":475,"w":110,"h":110,"offX":10,"offY":10,"sourceW":128,"sourceH":128},
"zz_10_png":{"x":452,"y":475,"w":112,"h":113,"offX":9,"offY":9,"sourceW":128,"sourceH":128},
"zz_11_png":{"x":112,"y":475,"w":112,"h":113,"offX":9,"offY":9,"sourceW":128,"sourceH":128},
"zz_12_png":{"x":0,"y":475,"w":112,"h":113,"offX":9,"offY":9,"sourceW":128,"sourceH":128},
"zz_13_png":{"x":228,"y":359,"w":114,"h":115,"offX":8,"offY":8,"sourceW":128,"sourceH":128},
"zz_14_png":{"x":347,"y":240,"w":116,"h":117,"offX":7,"offY":7,"sourceW":128,"sourceH":128},
"zz_15_png":{"x":579,"y":358,"w":116,"h":117,"offX":7,"offY":7,"sourceW":128,"sourceH":128},
"zz_16_png":{"x":463,"y":358,"w":116,"h":117,"offX":7,"offY":7,"sourceW":128,"sourceH":128},
"zz_17_png":{"x":468,"y":120,"w":117,"h":119,"offX":6,"offY":6,"sourceW":128,"sourceH":128},
"zz_18_png":{"x":702,"y":239,"w":117,"h":119,"offX":6,"offY":6,"sourceW":128,"sourceH":128},
"zz_19_png":{"x":585,"y":239,"w":117,"h":119,"offX":6,"offY":6,"sourceW":128,"sourceH":128},
"zz_20_png":{"x":590,"y":0,"w":118,"h":119,"offX":6,"offY":6,"sourceW":128,"sourceH":128},
"zz_21_png":{"x":708,"y":0,"w":118,"h":119,"offX":6,"offY":6,"sourceW":128,"sourceH":128}}}