{"texture":"newParticle.png","emitter":{"x":765,"y":518},"emitterVariance":{"x":1,"y":1},"gravity":{"x":0,"y":0},"emitterType":0,"emitAngle":0,"emitAngleVariance":0,"speed":-50,"speedVariance":0,"maxParticles":50,"startSize":70,"startSizeVariance":0,"endSize":0,"endSizeVariance":0,"startAlpha":1,"startAlphaVariance":0,"endAlpha":1,"endAlphaVariance":0,"startRotation":0,"startRotationVariance":0,"endRotation":0,"endRotationVariance":0,"rotatePerSecond":0,"rotatePerSecondVariance":0,"maxRadius":100,"maxRadiusVariance":30,"minRadius":20,"minRadiusVariance":10,"lifespan":700,"lifespanVariance":0,"blendFactorDestination":"oneMinusSourceAlpha","startRed":255,"startRedVariance":0,"endRed":255,"endRedVariance":0,"startGreen":255,"startGreenVariance":0,"endGreen":255,"engGreenVariance":0,"startBlue":255,"startBlueVariance":0,"endBlue":255,"endBlueVariance":0,"tangentialAcceleration":0,"tangentialAccelerationVariance":0,"radialAcceleration":0,"radialAccelerationVariance":0,"blendFactorSource":"one","duration":-1}