{
"texture":"particle_multi.png",
"startGreenVariance":0
,"maxRadiusVariance":30
,"startBlueVariance":0
,"minRadius":20
,"engGreenVariance":0
,"gravity":{"x":0,"y":0}
,"minRadiusVariance":10
,"endGreen":255
,"rotatePerSecond":30
,"startSizeVariance":0
,"startRedVariance":0
,"rotatePerSecondVariance":10
,"lifespanVariance":0
,"maxRadius":100
,"radialAccelerationVariance":0
,"duration":-1
,"startAlpha":0.8901960784313725
,"startRed":255
,"startSize":50
,"endRedVariance":0
,"emitAngleVariance":0
,"endSizeVariance":0
,"startRotation":0
,"startAlphaVariance":0
,"startRotationVariance":360
,"startGreen":255
,"endSize":240
,"endRotation":0
,"endRotationVariance":0
,"emitAngle":0
,"endBlueVariance":0
,"startBlue":255
,"speedVariance":0
,"maxParticles":3
,"emitterType":0
,"blendFactorSource":"one"
,"speed":0
,"radialAcceleration":0
,"blendFactorDestination":"oneMinusSourceAlpha"
,"endAlphaVariance":0
,"emitterVariance":{"x":1,"y":0}
,"tangentialAcceleration":0
,"emitter":{"x":667,"y":354}
,"lifespan":2000
,"tangentialAccelerationVariance":0
,"endRed":255
,"endBlue":255
,"endAlpha":0.4

}