{
"texture":"particle_fireworks.png",
"tangentialAcceleration":0
,"maxRadiusVariance":30
,"lifespan":500
,"tangentialAccelerationVariance":0
,"minRadius":20
,"lifespanVariance":300
,"minRadiusVariance":10
,"startSize":30
,"rotatePerSecond":30
,"startBlue":255
,"emitter":{"x":186,"y":179}
,"rotatePerSecondVariance":10
,"endSize":30
,"maxRadius":100
,"emitterType":0
,"startSizeVariance":0
,"endAlpha":1
,"endAlphaVariance":0
,"endRedVariance":0
,"emitAngleVariance":360
,"startAlphaVariance":0
,"startRedVariance":0
,"startRotation":0
,"endRed":255
,"emitterVariance":{"x":1,"y":1}
,"startRed":255
,"startGreen":255
,"endRotation":263.58
,"startGreenVariance":0
,"endSizeVariance":0
,"endRotationVariance":292.07
,"radialAcceleration":0
,"startRotationVariance":45
,"gravity":{"x":0,"y":20}
,"speedVariance":0
,"maxParticles":40
,"endBlueVariance":0
,"emitAngle":180
,"speed":200
,"startBlueVariance":0
,"endGreen":255
,"radialAccelerationVariance":0
,"duration":-1
,"blendFactorSource":"one"
,"startAlpha":0.8901960784313725
,"endBlue":255
,"blendFactorDestination":"oneMinusSourceAlpha"
,"engGreenVariance":0
}