{
	"skins": {
		"eui.Button": "resource/skins/eui_skins/ButtonSkin.exml",
		"eui.CheckBox": "resource/skins/eui_skins/CheckBoxSkin.exml",
		"eui.HScrollBar": "resource/skins/eui_skins/HScrollBarSkin.exml",
		"eui.HSlider": "resource/skins/eui_skins/HSliderSkin.exml",
		"eui.Panel": "resource/skins/eui_skins/PanelSkin.exml",
		"eui.TextInput": "resource/skins/eui_skins/TextInputSkin.exml",
		"eui.ProgressBar": "resource/skins/eui_skins/ProgressBarSkin.exml",
		"eui.RadioButton": "resource/skins/eui_skins/RadioButtonSkin.exml",
		"eui.Scroller": "resource/skins/eui_skins/ScrollerSkin.exml",
		"eui.ToggleSwitch": "resource/skins/eui_skins/ToggleSwitchSkin.exml",
		"eui.VScrollBar": "resource/skins/eui_skins/VScrollBarSkin.exml",
		"eui.VSlider": "resource/skins/eui_skins/VSliderSkin.exml",
		"eui.ItemRenderer": "resource/skins/eui_skins/ItemRendererSkin.exml"
	},
	"autoGenerateExmlsList": true,
	"exmls": [
		"resource/skins/eui_skins/ButtonSkin.exml",
		"resource/skins/eui_skins/CheckBoxSkin.exml",
		"resource/skins/eui_skins/HScrollBarSkin.exml",
		"resource/skins/eui_skins/HSliderSkin.exml",
		"resource/skins/eui_skins/ItemRendererSkin.exml",
		"resource/skins/eui_skins/PanelSkin.exml",
		"resource/skins/eui_skins/ProgressBarSkin.exml",
		"resource/skins/eui_skins/RadioButtonSkin.exml",
		"resource/skins/eui_skins/ScrollerSkin.exml",
		"resource/skins/eui_skins/TextInputSkin.exml",
		"resource/skins/eui_skins/ToggleSwitchSkin.exml",
		"resource/skins/eui_skins/VScrollBarSkin.exml",
		"resource/skins/eui_skins/VSliderSkin.exml",
		"resource/skins/game_skins/bigWinSkin.exml",
		"resource/skins/game_skins/bottomSkin.exml",
		"resource/skins/game_skins/connectTipSkin.exml",
		"resource/skins/game_skins/errSkin.exml",
		"resource/skins/game_skins/freeChooseSkin.exml",
		"resource/skins/game_skins/freeTotalWinSkin.exml",
		"resource/skins/game_skins/gameSceneSkin.exml",
		"resource/skins/game_skins/rullSkin.exml",
		"resource/skins/game_skins/settingSkin.exml",
		"resource/skins/game_skins/tipSkin.exml",
		"resource/skins/game_skins/topBarSkin.exml"
	],
	"path": "resource/default.thm.json"
}