{
"texture":"newParticle.png",
"tangentialAcceleration":0
,"maxRadiusVariance":30
,"lifespan":1700
,"tangentialAccelerationVariance":0
,"minRadius":20
,"lifespanVariance":700
,"minRadiusVariance":10
,"startSize":45
,"startAlpha":1
,"rotatePerSecond":100
,"startRed":255
,"endBlueVariance":0
,"rotatePerSecondVariance":260
,"endSize":1
,"maxRadius":100
,"startBlueVariance":0
,"endSizeVariance":0
,"startBlue":255
,"endGreen":255
,"startGreen":255
,"endAlpha":1
,"emitAngleVariance":360
,"startRotation":0
,"emitter":{"x":0,"y":0}
,"startSizeVariance":0
,"emitterVariance":{"x":2,"y":2}
,"endAlphaVariance":0
,"startRedVariance":0
,"endRotation":0
,"endRotationVariance":360
,"startRotationVariance":360
,"endRedVariance":0
,"gravity":{"x":0,"y":0}
,"speedVariance":0
,"maxParticles":105
,"emitAngle":180
,"endBlue":255
,"speed":4
,"radialAcceleration":0
,"radialAccelerationVariance":0
,"duration":-1
,"endRed":255
,"blendFactorSource":"one"
,"engGreenVariance":0
,"blendFactorDestination":"oneMinusSourceAlpha"
,"startAlphaVariance":0
,"emitterType":0
,"startGreenVariance":0
}