{
	"groups": [
		{
			"keys": "button_down_png,button_up_png,roundthumb_png,track_sb_png,BigWin_png,Mutiply_png,ToastBG2_png,Auto_1_png,BetAdd_png,BetButton_0_png,BetButton_1_png,BetButton_png,BetInfoBG_png,BetMax_png,BetMinus_png,BG_Info_png,BG_Left_png,BG_Middle_png,BG_Pop_png,BG_Right_png,BG_Spin_png,Count_Item_png,Count_Item2_png,disable_png,Free_png,guang_png,Help_p_png,Help_png,Jump_png,light_Middle_png,Max_png,Spin_Arrow_png,Spin_Disabled_png,Spin_Light_png,Spin_Press_png,Spin_png,OverBG2_png,SuperWin_png,ToastBG_png,FeatureChance_png,MegaWin_png,asdasd_png,Arrow_png,InfoBG_png,fillBg_png,sliderBg_png,vague0_png,vague1_png,vague10_png,vague11_png,vague12_png,vague2_png,vague3_png,vague4_png,vague5_png,vague6_png,vague7_png,vague8_png,vague9_png,fnt135_fnt,fnt135_png,fnt173_fnt,fnt173_png,fnt40_fnt,fnt40_png,fnt63_fnt,fnt63_png,fnt70_fnt,fnt70_png,particle_json,particle_fireworks_json,particle_multi_json,particle_multiLight_json,particle_yuanbao_json,freemulti_png,freemultiLight_png,glow_321_png,light_lizi_png,light_lizi01_png,light_lizi02_jpg,yigeyuanb_png,bigwinLight1_png,bigwinLight2_png,bigwinLight3_png,bigwinLight4_png,bigwinLight5_png,bigwinLight6_png,bigwinLight7_png,bigwinLight8_png,bigwinLight9_png,bigwinLight10_png,bigwinLight11_png,bigwinLight12_png,bigwinLight13_png,bigwinLight14_png,bigwinLight15_png,bigwinLight16_png,bigwinLight17_png,bigwinLight18_png,bigwinLight19_png,bigwinLight20_png,bigwinLight21_png,bigwinLight22_png,bigwinLight23_png,bigwinLight24_png,bigwinLight25_png,bigwinLight26_png,bigwinLight27_png,bigwinLight28_png,bigwinLight29_png,bigwinLight30_png,fireworks_png,coin_pin_9_png,coin_pin_1_png,coin_pin_2_png,coin_pin_3_png,coin_pin_4_png,coin_pin_5_png,coin_pin_6_png,coin_pin_7_png,coin_pin_8_png,SU_Coin_Gold_3x3_9_png,SU_Coin_Gold_3x3_1_png,SU_Coin_Gold_3x3_2_png,SU_Coin_Gold_3x3_3_png,SU_Coin_Gold_3x3_4_png,SU_Coin_Gold_3x3_5_png,SU_Coin_Gold_3x3_6_png,SU_Coin_Gold_3x3_7_png,SU_Coin_Gold_3x3_8_png,star_png,bonusParticle_json,symbolName_0_png,symbolName_1_1_png,symbolName_1_2_png,symbolName_1_3_png,symbolName_1_4_png,symbolName_1_5_png,symbolName_1_png,symbolName_10_png,symbolName_11_png,symbolName_12_png,symbolName_2_png,symbolName_3_png,symbolName_4_png,symbolName_5_png,symbolName_6_png,symbolName_7_png,symbolName_8_png,symbolName_9_png,wildBg0_png,wildbg1_png,wildbg2_png,wildbg3_png,wildbg4_png,wildbg5_png,ChineseKnot_png,freeBgBtm_png,freeBgTop_png,freeFram_png,freeTitle_png,normalbg_png,normalBgBtm_png,normalBgTop_png,normalFram_png,normalTitle_png,cardbg8_png,cardbg10_png,cardbg15_png,cardbg20_png,dsadf_png,guodu_png,freebg_png,GetTips_png,FuYun_243_BigWin_mp3,FuYun_243_BigWinOver_mp3,FuYun_243_Bonus_mp3,FuYun_243_CardAppear_mp3,FuYun_243_CardEffect_mp3,FuYun_243_ChoseCard_mp3,FuYun_243_featureChoose_mp3,FuYun_243_freeGame_mp3,FuYun_243_FreeOver_mp3,FuYun_243_GUI_Generic1_mp3,FuYun_243_GUI_Generic2_mp3,FuYun_243_MiddleWin_mp3,FuYun_243_normalGame_mp3,FuYun_243_Roll_mp3,FuYun_243_RollStop_mp3,FuYun_243_Scatter_1_mp3,FuYun_243_Scatter_2_mp3,FuYun_243_Scatter_3_mp3,FuYun_243_Scatter_4_mp3,FuYun_243_Scatter_5_mp3,FuYun_243_Scatter_wait_mp3,FuYun_243_SmallWin_mp3,FuYun_243_Spin_mp3,FuYun_243_Get_FreeGame_mp3,border_json,freeChange_json,FuYunAni_json,T_hongbao_json,T_tongqian_json,zz_json,wildText_json,title_json,freeChanceParticle_json,freeChanceParticle_png",
			"name": "preload"
		}
	],
	"resources": [
		{
			"url": "assets/Button/button_down.png",
			"type": "image",
			"name": "button_down_png"
		},
		{
			"url": "assets/Button/button_up.png",
			"type": "image",
			"name": "button_up_png"
		},
		{
			"url": "assets/ScrollBar/roundthumb.png",
			"type": "image",
			"name": "roundthumb_png"
		},
		{
			"url": "assets/ScrollBar/track_sb.png",
			"type": "image",
			"name": "track_sb_png"
		},
		{
			"url": "img/circlcce.png",
			"type": "image",
			"name": "circlcce_png"
		},
		{
			"url": "img/Tile/symbolName_0.png",
			"type": "image",
			"name": "symbolName_0_png"
		},
		{
			"url": "img/Tile/symbolName_1.png",
			"type": "image",
			"name": "symbolName_1_png"
		},
		{
			"url": "img/Tile/symbolName_10.png",
			"type": "image",
			"name": "symbolName_10_png"
		},
		{
			"url": "img/Tile/symbolName_11.png",
			"type": "image",
			"name": "symbolName_11_png"
		},
		{
			"url": "img/Tile/symbolName_12.png",
			"type": "image",
			"name": "symbolName_12_png"
		},
		{
			"url": "img/Tile/symbolName_1_1.png",
			"type": "image",
			"name": "symbolName_1_1_png"
		},
		{
			"url": "img/Tile/symbolName_1_2.png",
			"type": "image",
			"name": "symbolName_1_2_png"
		},
		{
			"url": "img/Tile/symbolName_1_3.png",
			"type": "image",
			"name": "symbolName_1_3_png"
		},
		{
			"url": "img/Tile/symbolName_1_4.png",
			"type": "image",
			"name": "symbolName_1_4_png"
		},
		{
			"url": "img/Tile/symbolName_1_5.png",
			"type": "image",
			"name": "symbolName_1_5_png"
		},
		{
			"url": "img/Tile/symbolName_2.png",
			"type": "image",
			"name": "symbolName_2_png"
		},
		{
			"url": "img/Tile/symbolName_3.png",
			"type": "image",
			"name": "symbolName_3_png"
		},
		{
			"url": "img/Tile/symbolName_4.png",
			"type": "image",
			"name": "symbolName_4_png"
		},
		{
			"url": "img/Tile/symbolName_5.png",
			"type": "image",
			"name": "symbolName_5_png"
		},
		{
			"url": "img/Tile/symbolName_6.png",
			"type": "image",
			"name": "symbolName_6_png"
		},
		{
			"url": "img/Tile/symbolName_7.png",
			"type": "image",
			"name": "symbolName_7_png"
		},
		{
			"url": "img/Tile/symbolName_8.png",
			"type": "image",
			"name": "symbolName_8_png"
		},
		{
			"url": "img/Tile/symbolName_9.png",
			"type": "image",
			"name": "symbolName_9_png"
		},
		{
			"url": "img/Tile/wildBg0.png",
			"type": "image",
			"name": "wildBg0_png"
		},
		{
			"url": "img/Tile/wildbg1.png",
			"type": "image",
			"name": "wildbg1_png"
		},
		{
			"url": "img/Tile/wildbg2.png",
			"type": "image",
			"name": "wildbg2_png"
		},
		{
			"url": "img/Tile/wildbg3.png",
			"type": "image",
			"name": "wildbg3_png"
		},
		{
			"url": "img/Tile/wildbg4.png",
			"type": "image",
			"name": "wildbg4_png"
		},
		{
			"url": "img/Tile/wildbg5.png",
			"type": "image",
			"name": "wildbg5_png"
		},
		{
			"url": "img/bg/BigWin.png",
			"type": "image",
			"name": "BigWin_png"
		},
		{
			"url": "img/bg/FeatureChance.png",
			"type": "image",
			"name": "FeatureChance_png"
		},
		{
			"url": "img/bg/MegaWin.png",
			"type": "image",
			"name": "MegaWin_png"
		},
		{
			"url": "img/bg/Mutiply.png",
			"type": "image",
			"name": "Mutiply_png"
		},
		{
			"url": "img/bg/OverBG2.png",
			"type": "image",
			"name": "OverBG2_png"
		},
		{
			"url": "img/bg/SuperWin.png",
			"type": "image",
			"name": "SuperWin_png"
		},
		{
			"url": "img/bg/ToastBG.png",
			"type": "image",
			"name": "ToastBG_png"
		},
		{
			"url": "img/bg/ToastBG2.png",
			"type": "image",
			"name": "ToastBG2_png"
		},
		{
			"url": "img/bg/asdasd.png",
			"type": "image",
			"name": "asdasd_png"
		},
		{
			"url": "img/bottom/Auto_1.png",
			"type": "image",
			"name": "Auto_1_png"
		},
		{
			"url": "img/bottom/BG_Info.png",
			"type": "image",
			"name": "BG_Info_png"
		},
		{
			"url": "img/bottom/BG_Left.png",
			"type": "image",
			"name": "BG_Left_png"
		},
		{
			"url": "img/bottom/BG_Middle.png",
			"type": "image",
			"name": "BG_Middle_png"
		},
		{
			"url": "img/bottom/BG_Pop.png",
			"type": "image",
			"name": "BG_Pop_png"
		},
		{
			"url": "img/bottom/BG_Right.png",
			"type": "image",
			"name": "BG_Right_png"
		},
		{
			"url": "img/bottom/BG_Spin.png",
			"type": "image",
			"name": "BG_Spin_png"
		},
		{
			"url": "img/bottom/BetAdd.png",
			"type": "image",
			"name": "BetAdd_png"
		},
		{
			"url": "img/bottom/BetButton.png",
			"type": "image",
			"name": "BetButton_png"
		},
		{
			"url": "img/bottom/BetButton_0.png",
			"type": "image",
			"name": "BetButton_0_png"
		},
		{
			"url": "img/bottom/BetButton_1.png",
			"type": "image",
			"name": "BetButton_1_png"
		},
		{
			"url": "img/bottom/BetInfoBG.png",
			"type": "image",
			"name": "BetInfoBG_png"
		},
		{
			"url": "img/bottom/BetMax.png",
			"type": "image",
			"name": "BetMax_png"
		},
		{
			"url": "img/bottom/BetMinus.png",
			"type": "image",
			"name": "BetMinus_png"
		},
		{
			"url": "img/bottom/Count_Item.png",
			"type": "image",
			"name": "Count_Item_png"
		},
		{
			"url": "img/bottom/Count_Item2.png",
			"type": "image",
			"name": "Count_Item2_png"
		},
		{
			"url": "img/bottom/Free.png",
			"type": "image",
			"name": "Free_png"
		},
		{
			"url": "img/bottom/Help.png",
			"type": "image",
			"name": "Help_png"
		},
		{
			"url": "img/bottom/Help_p.png",
			"type": "image",
			"name": "Help_p_png"
		},
		{
			"url": "img/bottom/Jump.png",
			"type": "image",
			"name": "Jump_png"
		},
		{
			"url": "img/bottom/Max.png",
			"type": "image",
			"name": "Max_png"
		},
		{
			"url": "img/bottom/Spin.png",
			"type": "image",
			"name": "Spin_png"
		},
		{
			"url": "img/bottom/Spin_Arrow.png",
			"type": "image",
			"name": "Spin_Arrow_png"
		},
		{
			"url": "img/bottom/Spin_Disabled.png",
			"type": "image",
			"name": "Spin_Disabled_png"
		},
		{
			"url": "img/bottom/Spin_Light.png",
			"type": "image",
			"name": "Spin_Light_png"
		},
		{
			"url": "img/bottom/Spin_Press.png",
			"type": "image",
			"name": "Spin_Press_png"
		},
		{
			"url": "img/bottom/disable.png",
			"type": "image",
			"name": "disable_png"
		},
		{
			"url": "img/bottom/guang.png",
			"type": "image",
			"name": "guang_png"
		},
		{
			"url": "img/bottom/light_Middle.png",
			"type": "image",
			"name": "light_Middle_png"
		},
		{
			"url": "img/btn/Arrow.png",
			"type": "image",
			"name": "Arrow_png"
		},
		{
			"url": "img/btn/InfoBG.png",
			"type": "image",
			"name": "InfoBG_png"
		},
		{
			"url": "img/btn/fillBg.png",
			"type": "image",
			"name": "fillBg_png"
		},
		{
			"url": "img/btn/sliderBg.png",
			"type": "image",
			"name": "sliderBg_png"
		},
		{
			"url": "img/explain/Tips_Back.png",
			"type": "image",
			"name": "Tips_Back_png"
		},
		{
			"url": "img/explain/bg.png",
			"type": "image",
			"name": "bg_png"
		},
		{
			"url": "img/explain/bg2.png",
			"type": "image",
			"name": "bg2_png"
		},
		{
			"url": "img/explain/btn1.png",
			"type": "image",
			"name": "btn1_png"
		},
		{
			"url": "img/explain/btn2.png",
			"type": "image",
			"name": "btn2_png"
		},
		{
			"url": "img/explain/page1.png",
			"type": "image",
			"name": "page1_png"
		},
		{
			"url": "img/explain/page4.png",
			"type": "image",
			"name": "page4_png"
		},
		{
			"url": "img/explain/page5.png",
			"type": "image",
			"name": "page5_png"
		},
		{
			"url": "img/explain/page6.png",
			"type": "image",
			"name": "page6_png"
		},
		{
			"url": "img/freeGame/10.png",
			"type": "image",
			"name": "10_png"
		},
		{
			"url": "img/freeGame/15.png",
			"type": "image",
			"name": "15_png"
		},
		{
			"url": "img/freeGame/20.png",
			"type": "image",
			"name": "20_png"
		},
		{
			"url": "img/freeGame/5.png",
			"type": "image",
			"name": "5_png"
		},
		{
			"url": "img/freeGame/8.png",
			"type": "image",
			"name": "8_png"
		},
		{
			"url": "img/freeGame/FreeChance.png",
			"type": "image",
			"name": "FreeChance_png"
		},
		{
			"url": "img/freeGame/cardBottom10.png",
			"type": "image",
			"name": "cardBottom10_png"
		},
		{
			"url": "img/freeGame/cardBottom15.png",
			"type": "image",
			"name": "cardBottom15_png"
		},
		{
			"url": "img/freeGame/cardBottom20.png",
			"type": "image",
			"name": "cardBottom20_png"
		},
		{
			"url": "img/freeGame/cardBottom5.png",
			"type": "image",
			"name": "cardBottom5_png"
		},
		{
			"url": "img/freeGame/cardBottom8.png",
			"type": "image",
			"name": "cardBottom8_png"
		},
		{
			"url": "img/freeGame/cardbg5.png",
			"type": "image",
			"name": "cardbg5_png"
		},
		{
			"url": "img/freeGame/freeChoose.png",
			"type": "image",
			"name": "freeChoose_png"
		},
		{
			"url": "img/freeGame/freegame.png",
			"type": "image",
			"name": "freegame_png"
		},
		{
			"url": "img/freeGame/head.png",
			"type": "image",
			"name": "head_png"
		},
		{
			"url": "img/freeGame/multi10.png",
			"type": "image",
			"name": "multi10_png"
		},
		{
			"url": "img/freeGame/multi15.png",
			"type": "image",
			"name": "multi15_png"
		},
		{
			"url": "img/freeGame/multi30.png",
			"type": "image",
			"name": "multi30_png"
		},
		{
			"url": "img/freeGame/multi5.png",
			"type": "image",
			"name": "multi5_png"
		},
		{
			"url": "img/freeGame/multi8.png",
			"type": "image",
			"name": "multi8_png"
		},
		{
			"url": "img/freeGame/num10.png",
			"type": "image",
			"name": "num10_png"
		},
		{
			"url": "img/freeGame/num15.png",
			"type": "image",
			"name": "num15_png"
		},
		{
			"url": "img/freeGame/num20.png",
			"type": "image",
			"name": "num20_png"
		},
		{
			"url": "img/freeGame/num5.png",
			"type": "image",
			"name": "num5_png"
		},
		{
			"url": "img/freeGame/num8.png",
			"type": "image",
			"name": "num8_png"
		},
		{
			"url": "img/freeGame/wildMulti.png",
			"type": "image",
			"name": "wildMulti_png"
		},
		{
			"url": "img/load/Loading....png",
			"type": "image",
			"name": "Loading..._png"
		},
		{
			"url": "img/load/bar1.png",
			"type": "image",
			"name": "bar1_png"
		},
		{
			"url": "img/load/bar2.png",
			"type": "image",
			"name": "bar2_png"
		},
		{
			"url": "img/load/light.png",
			"type": "image",
			"name": "light_png"
		},
		{
			"url": "img/load/loading.jpg",
			"type": "image",
			"name": "loading_jpg"
		},
		{
			"url": "img/setting/BetSliderBG.png",
			"type": "image",
			"name": "BetSliderBG_png"
		},
		{
			"url": "img/setting/FastModel.png",
			"type": "image",
			"name": "FastModel_png"
		},
		{
			"url": "img/setting/backgroud1.png",
			"type": "image",
			"name": "backgroud1_png"
		},
		{
			"url": "img/setting/biaoti.png",
			"type": "image",
			"name": "biaoti_png"
		},
		{
			"url": "img/setting/close.png",
			"type": "image",
			"name": "close_png"
		},
		{
			"url": "img/setting/off.png",
			"type": "image",
			"name": "off_png"
		},
		{
			"url": "img/setting/on.png",
			"type": "image",
			"name": "on_png"
		},
		{
			"url": "img/setting/shengyin.png",
			"type": "image",
			"name": "shengyin_png"
		},
		{
			"url": "img/setting/windowdi.png",
			"type": "image",
			"name": "windowdi_png"
		},
		{
			"url": "img/setting/yinxiao.png",
			"type": "image",
			"name": "yinxiao_png"
		},
		{
			"url": "img/top/di.png",
			"type": "image",
			"name": "di_png"
		},
		{
			"url": "img/top/hx.png",
			"type": "image",
			"name": "hx_png"
		},
		{
			"url": "img/top/j.png",
			"type": "image",
			"name": "j_png"
		},
		{
			"url": "img/top/ssz.png",
			"type": "image",
			"name": "ssz_png"
		},
		{
			"url": "img/Tile/vague/vague0.png",
			"type": "image",
			"name": "vague0_png"
		},
		{
			"url": "img/Tile/vague/vague1.png",
			"type": "image",
			"name": "vague1_png"
		},
		{
			"url": "img/Tile/vague/vague10.png",
			"type": "image",
			"name": "vague10_png"
		},
		{
			"url": "img/Tile/vague/vague11.png",
			"type": "image",
			"name": "vague11_png"
		},
		{
			"url": "img/Tile/vague/vague12.png",
			"type": "image",
			"name": "vague12_png"
		},
		{
			"url": "img/Tile/vague/vague2.png",
			"type": "image",
			"name": "vague2_png"
		},
		{
			"url": "img/Tile/vague/vague3.png",
			"type": "image",
			"name": "vague3_png"
		},
		{
			"url": "img/Tile/vague/vague4.png",
			"type": "image",
			"name": "vague4_png"
		},
		{
			"url": "img/Tile/vague/vague5.png",
			"type": "image",
			"name": "vague5_png"
		},
		{
			"url": "img/Tile/vague/vague6.png",
			"type": "image",
			"name": "vague6_png"
		},
		{
			"url": "img/Tile/vague/vague7.png",
			"type": "image",
			"name": "vague7_png"
		},
		{
			"url": "img/Tile/vague/vague8.png",
			"type": "image",
			"name": "vague8_png"
		},
		{
			"url": "img/Tile/vague/vague9.png",
			"type": "image",
			"name": "vague9_png"
		},
		{
			"url": "config/fnt135.fnt",
			"type": "font",
			"name": "fnt135_fnt"
		},
		{
			"url": "config/fnt135.png",
			"type": "image",
			"name": "fnt135_png"
		},
		{
			"url": "config/fnt173.fnt",
			"type": "font",
			"name": "fnt173_fnt"
		},
		{
			"url": "config/fnt173.png",
			"type": "image",
			"name": "fnt173_png"
		},
		{
			"url": "config/fnt40.fnt",
			"type": "font",
			"name": "fnt40_fnt"
		},
		{
			"url": "config/fnt40.png",
			"type": "image",
			"name": "fnt40_png"
		},
		{
			"url": "config/fnt63.fnt",
			"type": "font",
			"name": "fnt63_fnt"
		},
		{
			"url": "config/fnt63.png",
			"type": "image",
			"name": "fnt63_png"
		},
		{
			"url": "config/fnt70.fnt",
			"type": "font",
			"name": "fnt70_fnt"
		},
		{
			"url": "config/fnt70.png",
			"type": "image",
			"name": "fnt70_png"
		},
		{
			"url": "config/particle.json",
			"type": "json",
			"name": "particle_json"
		},
		{
			"url": "config/particle_fireworks.json",
			"type": "json",
			"name": "particle_fireworks_json"
		},
		{
			"url": "config/particle_multi.json",
			"type": "json",
			"name": "particle_multi_json"
		},
		{
			"url": "config/particle_multiLight.json",
			"type": "json",
			"name": "particle_multiLight_json"
		},
		{
			"url": "config/particle_yuanbao.json",
			"type": "json",
			"name": "particle_yuanbao_json"
		},
		{
			"url": "img/effect/freemulti.png",
			"type": "image",
			"name": "freemulti_png"
		},
		{
			"url": "img/effect/freemultiLight.png",
			"type": "image",
			"name": "freemultiLight_png"
		},
		{
			"url": "img/effect/glow_321.png",
			"type": "image",
			"name": "glow_321_png"
		},
		{
			"url": "img/effect/light_lizi.png",
			"type": "image",
			"name": "light_lizi_png"
		},
		{
			"url": "img/effect/light_lizi01.png",
			"type": "image",
			"name": "light_lizi01_png"
		},
		{
			"url": "img/effect/light_lizi02.jpg",
			"type": "image",
			"name": "light_lizi02_jpg"
		},
		{
			"url": "img/effect/yigeyuanb.png",
			"type": "image",
			"name": "yigeyuanb_png"
		},
		{
			"url": "img/effect/bigwinLight1.png",
			"type": "image",
			"name": "bigwinLight1_png"
		},
		{
			"url": "img/effect/bigwinLight2.png",
			"type": "image",
			"name": "bigwinLight2_png"
		},
		{
			"url": "img/effect/bigwinLight3.png",
			"type": "image",
			"name": "bigwinLight3_png"
		},
		{
			"url": "img/effect/bigwinLight4.png",
			"type": "image",
			"name": "bigwinLight4_png"
		},
		{
			"url": "img/effect/bigwinLight5.png",
			"type": "image",
			"name": "bigwinLight5_png"
		},
		{
			"url": "img/effect/bigwinLight6.png",
			"type": "image",
			"name": "bigwinLight6_png"
		},
		{
			"url": "img/effect/bigwinLight7.png",
			"type": "image",
			"name": "bigwinLight7_png"
		},
		{
			"url": "img/effect/bigwinLight8.png",
			"type": "image",
			"name": "bigwinLight8_png"
		},
		{
			"url": "img/effect/bigwinLight9.png",
			"type": "image",
			"name": "bigwinLight9_png"
		},
		{
			"url": "img/effect/bigwinLight10.png",
			"type": "image",
			"name": "bigwinLight10_png"
		},
		{
			"url": "img/effect/bigwinLight11.png",
			"type": "image",
			"name": "bigwinLight11_png"
		},
		{
			"url": "img/effect/bigwinLight12.png",
			"type": "image",
			"name": "bigwinLight12_png"
		},
		{
			"url": "img/effect/bigwinLight13.png",
			"type": "image",
			"name": "bigwinLight13_png"
		},
		{
			"url": "img/effect/bigwinLight14.png",
			"type": "image",
			"name": "bigwinLight14_png"
		},
		{
			"url": "img/effect/bigwinLight15.png",
			"type": "image",
			"name": "bigwinLight15_png"
		},
		{
			"url": "img/effect/bigwinLight16.png",
			"type": "image",
			"name": "bigwinLight16_png"
		},
		{
			"url": "img/effect/bigwinLight17.png",
			"type": "image",
			"name": "bigwinLight17_png"
		},
		{
			"url": "img/effect/bigwinLight18.png",
			"type": "image",
			"name": "bigwinLight18_png"
		},
		{
			"url": "img/effect/bigwinLight19.png",
			"type": "image",
			"name": "bigwinLight19_png"
		},
		{
			"url": "img/effect/bigwinLight20.png",
			"type": "image",
			"name": "bigwinLight20_png"
		},
		{
			"url": "img/effect/bigwinLight21.png",
			"type": "image",
			"name": "bigwinLight21_png"
		},
		{
			"url": "img/effect/bigwinLight22.png",
			"type": "image",
			"name": "bigwinLight22_png"
		},
		{
			"url": "img/effect/bigwinLight23.png",
			"type": "image",
			"name": "bigwinLight23_png"
		},
		{
			"url": "img/effect/bigwinLight24.png",
			"type": "image",
			"name": "bigwinLight24_png"
		},
		{
			"url": "img/effect/bigwinLight25.png",
			"type": "image",
			"name": "bigwinLight25_png"
		},
		{
			"url": "img/effect/bigwinLight26.png",
			"type": "image",
			"name": "bigwinLight26_png"
		},
		{
			"url": "img/effect/bigwinLight27.png",
			"type": "image",
			"name": "bigwinLight27_png"
		},
		{
			"url": "img/effect/bigwinLight28.png",
			"type": "image",
			"name": "bigwinLight28_png"
		},
		{
			"url": "img/effect/bigwinLight29.png",
			"type": "image",
			"name": "bigwinLight29_png"
		},
		{
			"url": "img/effect/bigwinLight30.png",
			"type": "image",
			"name": "bigwinLight30_png"
		},
		{
			"url": "img/effect/fireworks.png",
			"type": "image",
			"name": "fireworks_png"
		},
		{
			"url": "img/effect/coin_pin_9.png",
			"type": "image",
			"name": "coin_pin_9_png"
		},
		{
			"url": "img/effect/coin_pin_1.png",
			"type": "image",
			"name": "coin_pin_1_png"
		},
		{
			"url": "img/effect/coin_pin_2.png",
			"type": "image",
			"name": "coin_pin_2_png"
		},
		{
			"url": "img/effect/coin_pin_3.png",
			"type": "image",
			"name": "coin_pin_3_png"
		},
		{
			"url": "img/effect/coin_pin_4.png",
			"type": "image",
			"name": "coin_pin_4_png"
		},
		{
			"url": "img/effect/coin_pin_5.png",
			"type": "image",
			"name": "coin_pin_5_png"
		},
		{
			"url": "img/effect/coin_pin_6.png",
			"type": "image",
			"name": "coin_pin_6_png"
		},
		{
			"url": "img/effect/coin_pin_7.png",
			"type": "image",
			"name": "coin_pin_7_png"
		},
		{
			"url": "img/effect/coin_pin_8.png",
			"type": "image",
			"name": "coin_pin_8_png"
		},
		{
			"url": "img/effect/SU_Coin_Gold_3x3_9.png",
			"type": "image",
			"name": "SU_Coin_Gold_3x3_9_png"
		},
		{
			"url": "img/effect/SU_Coin_Gold_3x3_1.png",
			"type": "image",
			"name": "SU_Coin_Gold_3x3_1_png"
		},
		{
			"url": "img/effect/SU_Coin_Gold_3x3_2.png",
			"type": "image",
			"name": "SU_Coin_Gold_3x3_2_png"
		},
		{
			"url": "img/effect/SU_Coin_Gold_3x3_3.png",
			"type": "image",
			"name": "SU_Coin_Gold_3x3_3_png"
		},
		{
			"url": "img/effect/SU_Coin_Gold_3x3_4.png",
			"type": "image",
			"name": "SU_Coin_Gold_3x3_4_png"
		},
		{
			"url": "img/effect/SU_Coin_Gold_3x3_5.png",
			"type": "image",
			"name": "SU_Coin_Gold_3x3_5_png"
		},
		{
			"url": "img/effect/SU_Coin_Gold_3x3_6.png",
			"type": "image",
			"name": "SU_Coin_Gold_3x3_6_png"
		},
		{
			"url": "img/effect/SU_Coin_Gold_3x3_7.png",
			"type": "image",
			"name": "SU_Coin_Gold_3x3_7_png"
		},
		{
			"url": "img/effect/SU_Coin_Gold_3x3_8.png",
			"type": "image",
			"name": "SU_Coin_Gold_3x3_8_png"
		},
		{
			"url": "img/effect/star.png",
			"type": "image",
			"name": "star_png"
		},
		{
			"url": "config/bonusParticle.json",
			"type": "json",
			"name": "bonusParticle_json"
		},
		{
			"url": "img/bg/ChineseKnot.png",
			"type": "image",
			"name": "ChineseKnot_png"
		},
		{
			"url": "img/bg/freeBgBtm.png",
			"type": "image",
			"name": "freeBgBtm_png"
		},
		{
			"url": "img/bg/freeBgTop.png",
			"type": "image",
			"name": "freeBgTop_png"
		},
		{
			"url": "img/bg/freeFram.png",
			"type": "image",
			"name": "freeFram_png"
		},
		{
			"url": "img/bg/freeTitle.png",
			"type": "image",
			"name": "freeTitle_png"
		},
		{
			"url": "img/bg/normalbg.png",
			"type": "image",
			"name": "normalbg_png"
		},
		{
			"url": "img/bg/normalBgBtm.png",
			"type": "image",
			"name": "normalBgBtm_png"
		},
		{
			"url": "img/bg/normalBgTop.png",
			"type": "image",
			"name": "normalBgTop_png"
		},
		{
			"url": "img/bg/normalFram.png",
			"type": "image",
			"name": "normalFram_png"
		},
		{
			"url": "img/bg/normalTitle.png",
			"type": "image",
			"name": "normalTitle_png"
		},
		{
			"url": "img/freeGame/cardbg8.png",
			"type": "image",
			"name": "cardbg8_png"
		},
		{
			"url": "img/freeGame/cardbg10.png",
			"type": "image",
			"name": "cardbg10_png"
		},
		{
			"url": "img/freeGame/cardbg15.png",
			"type": "image",
			"name": "cardbg15_png"
		},
		{
			"url": "img/freeGame/cardbg20.png",
			"type": "image",
			"name": "cardbg20_png"
		},
		{
			"url": "img/freeGame/dsadf.png",
			"type": "image",
			"name": "dsadf_png"
		},
		{
			"url": "img/freeGame/guodu.png",
			"type": "image",
			"name": "guodu_png"
		},
		{
			"url": "img/bg/freebg.png",
			"type": "image",
			"name": "freebg_png"
		},
		{
			"url": "img/bg/GetTips.png",
			"type": "image",
			"name": "GetTips_png"
		},
		{
			"url": "sound/FuYun_243_BigWin.mp3",
			"type": "sound",
			"name": "FuYun_243_BigWin_mp3"
		},
		{
			"url": "sound/FuYun_243_BigWinOver.mp3",
			"type": "sound",
			"name": "FuYun_243_BigWinOver_mp3"
		},
		{
			"url": "sound/FuYun_243_Bonus.mp3",
			"type": "sound",
			"name": "FuYun_243_Bonus_mp3"
		},
		{
			"url": "sound/FuYun_243_CardAppear.mp3",
			"type": "sound",
			"name": "FuYun_243_CardAppear_mp3"
		},
		{
			"url": "sound/FuYun_243_CardEffect.mp3",
			"type": "sound",
			"name": "FuYun_243_CardEffect_mp3"
		},
		{
			"url": "sound/FuYun_243_ChoseCard.mp3",
			"type": "sound",
			"name": "FuYun_243_ChoseCard_mp3"
		},
		{
			"url": "sound/FuYun_243_featureChoose.mp3",
			"type": "sound",
			"name": "FuYun_243_featureChoose_mp3"
		},
		{
			"url": "sound/FuYun_243_freeGame.mp3",
			"type": "sound",
			"name": "FuYun_243_freeGame_mp3"
		},
		{
			"url": "sound/FuYun_243_FreeOver.mp3",
			"type": "sound",
			"name": "FuYun_243_FreeOver_mp3"
		},
		{
			"url": "sound/FuYun_243_GUI_Generic1.mp3",
			"type": "sound",
			"name": "FuYun_243_GUI_Generic1_mp3"
		},
		{
			"url": "sound/FuYun_243_GUI_Generic2.mp3",
			"type": "sound",
			"name": "FuYun_243_GUI_Generic2_mp3"
		},
		{
			"url": "sound/FuYun_243_MiddleWin.mp3",
			"type": "sound",
			"name": "FuYun_243_MiddleWin_mp3"
		},
		{
			"url": "sound/FuYun_243_normalGame.mp3",
			"type": "sound",
			"name": "FuYun_243_normalGame_mp3"
		},
		{
			"url": "sound/FuYun_243_Roll.mp3",
			"type": "sound",
			"name": "FuYun_243_Roll_mp3"
		},
		{
			"url": "sound/FuYun_243_RollStop.mp3",
			"type": "sound",
			"name": "FuYun_243_RollStop_mp3"
		},
		{
			"url": "sound/FuYun_243_Scatter_1.mp3",
			"type": "sound",
			"name": "FuYun_243_Scatter_1_mp3"
		},
		{
			"url": "sound/FuYun_243_Scatter_2.mp3",
			"type": "sound",
			"name": "FuYun_243_Scatter_2_mp3"
		},
		{
			"url": "sound/FuYun_243_Scatter_3.mp3",
			"type": "sound",
			"name": "FuYun_243_Scatter_3_mp3"
		},
		{
			"url": "sound/FuYun_243_Scatter_4.mp3",
			"type": "sound",
			"name": "FuYun_243_Scatter_4_mp3"
		},
		{
			"url": "sound/FuYun_243_Scatter_5.mp3",
			"type": "sound",
			"name": "FuYun_243_Scatter_5_mp3"
		},
		{
			"url": "sound/FuYun_243_Scatter_wait.mp3",
			"type": "sound",
			"name": "FuYun_243_Scatter_wait_mp3"
		},
		{
			"url": "sound/FuYun_243_SmallWin.mp3",
			"type": "sound",
			"name": "FuYun_243_SmallWin_mp3"
		},
		{
			"url": "sound/FuYun_243_Spin.mp3",
			"type": "sound",
			"name": "FuYun_243_Spin_mp3"
		},
		{
			"url": "sound/FuYun_243_Get_FreeGame.mp3",
			"type": "sound",
			"name": "FuYun_243_Get_FreeGame_mp3"
		},
		{
			"url": "img/effect/border.json",
			"type": "sheet",
			"name": "border_json",
			"subkeys": "border10_png,border11_png,border12_png,border13_png,border14_png,border15_png,border16_png,border17_png,border18_png,border19_png,border1_png,border20_png,border21_png,border22_png,border23_png,border24_png,border25_png,border26_png,border27_png,border28_png,border29_png,border2_png,border30_png,border31_png,border32_png,border33_png,border34_png,border3_png,border4_png,border5_png,border6_png,border7_png,border8_png,border9_png"
		},
		{
			"url": "img/effect/freeChange.json",
			"type": "sheet",
			"name": "freeChange_json",
			"subkeys": "freeChange10_png,freeChange11_png,freeChange12_png,freeChange13_png,freeChange14_png,freeChange15_png,freeChange16_png,freeChange17_png,freeChange18_png,freeChange19_png,freeChange1_png,freeChange20_png,freeChange21_png,freeChange22_png,freeChange23_png,freeChange24_png,freeChange25_png,freeChange26_png,freeChange27_png,freeChange28_png,freeChange29_png,freeChange2_png,freeChange30_png,freeChange31_png,freeChange32_png,freeChange33_png,freeChange3_png,freeChange4_png,freeChange5_png,freeChange6_png,freeChange7_png,freeChange8_png,freeChange9_png"
		},
		{
			"url": "img/effect/FuYunAni.json",
			"type": "sheet",
			"name": "FuYunAni_json",
			"subkeys": "FuYunAni10_png,FuYunAni11_png,FuYunAni12_png,FuYunAni13_png,FuYunAni14_png,FuYunAni15_png,FuYunAni16_png,FuYunAni1_png,FuYunAni2_png,FuYunAni3_png,FuYunAni4_png,FuYunAni5_png,FuYunAni6_png,FuYunAni7_png,FuYunAni8_png,FuYunAni9_png"
		},
		{
			"url": "img/effect/T_hongbao.json",
			"type": "sheet",
			"name": "T_hongbao_json",
			"subkeys": "T_hongbao_10_png,T_hongbao_11_png,T_hongbao_12_png,T_hongbao_13_png,T_hongbao_14_png,T_hongbao_15_png,T_hongbao_16_png,T_hongbao_1_png,T_hongbao_2_png,T_hongbao_3_png,T_hongbao_4_png,T_hongbao_5_png,T_hongbao_6_png,T_hongbao_7_png,T_hongbao_8_png,T_hongbao_9_png"
		},
		{
			"url": "img/effect/T_tongqian.json",
			"type": "sheet",
			"name": "T_tongqian_json",
			"subkeys": "T_tongqian_10_png,T_tongqian_11_png,T_tongqian_12_png,T_tongqian_13_png,T_tongqian_14_png,T_tongqian_15_png,T_tongqian_16_png,T_tongqian_1_png,T_tongqian_2_png,T_tongqian_3_png,T_tongqian_4_png,T_tongqian_5_png,T_tongqian_6_png,T_tongqian_7_png,T_tongqian_8_png,T_tongqian_9_png"
		},
		{
			"url": "img/effect/zz.json",
			"type": "sheet",
			"name": "zz_json",
			"subkeys": "zz_10_png,zz_11_png,zz_12_png,zz_13_png,zz_14_png,zz_15_png,zz_16_png,zz_17_png,zz_18_png,zz_19_png,zz_1_png,zz_20_png,zz_21_png,zz_22_png,zz_23_png,zz_24_png,zz_25_png,zz_26_png,zz_27_png,zz_28_png,zz_29_png,zz_2_png,zz_30_png,zz_31_png,zz_32_png,zz_33_png,zz_34_png,zz_35_png,zz_36_png,zz_37_png,zz_38_png,zz_39_png,zz_3_png,zz_40_png,zz_41_png,zz_42_png,zz_43_png,zz_44_png,zz_45_png,zz_46_png,zz_47_png,zz_48_png,zz_49_png,zz_4_png,zz_50_png,zz_51_png,zz_52_png,zz_53_png,zz_54_png,zz_55_png,zz_56_png,zz_57_png,zz_58_png,zz_59_png,zz_5_png,zz_60_png,zz_61_png,zz_6_png,zz_7_png,zz_8_png,zz_9_png"
		},
		{
			"url": "img/effect/wildText.json",
			"type": "sheet",
			"name": "wildText_json",
			"subkeys": "wildText10_png,wildText11_png,wildText12_png,wildText13_png,wildText14_png,wildText15_png,wildText16_png,wildText17_png,wildText18_png,wildText19_png,wildText1_png,wildText20_png,wildText21_png,wildText22_png,wildText23_png,wildText24_png,wildText25_png,wildText2_png,wildText3_png,wildText4_png,wildText5_png,wildText6_png,wildText7_png,wildText8_png,wildText9_png"
		},
		{
			"url": "img/effect/title.json",
			"type": "sheet",
			"name": "title_json",
			"subkeys": "title10_png,title11_png,title12_png,title13_png,title14_png,title15_png,title16_png,title17_png,title18_png,title19_png,title1_png,title20_png,title21_png,title22_png,title23_png,title24_png,title25_png,title26_png,title27_png,title28_png,title29_png,title2_png,title30_png,title31_png,title32_png,title33_png,title34_png,title35_png,title36_png,title37_png,title38_png,title39_png,title3_png,title40_png,title41_png,title42_png,title43_png,title44_png,title45_png,title46_png,title47_png,title48_png,title49_png,title4_png,title50_png,title51_png,title5_png,title6_png,title7_png,title8_png,title9_png"
		},
		{
			"name": "freeChanceParticle_json",
			"type": "json",
			"url": "config/freeChanceParticle.json"
		},
		{
			"name": "freeChanceParticle_png",
			"type": "image",
			"url": "config/freeChanceParticle.png"
		}
	]
}