{"file":"bigwinLight.png","frames":{
"bigwinLight30_png":{"x":0,"y":928,"w":729,"h":464,"offX":47,"offY":0,"sourceW":824,"sourceH":464},
"bigwinLight1_png":{"x":1536,"y":0,"w":760,"h":464,"offX":64,"offY":0,"sourceW":824,"sourceH":464},
"bigwinLight2_png":{"x":768,"y":0,"w":768,"h":464,"offX":56,"offY":0,"sourceW":824,"sourceH":464},
"bigwinLight3_png":{"x":0,"y":0,"w":768,"h":464,"offX":48,"offY":0,"sourceW":824,"sourceH":464},
"bigwinLight4_png":{"x":0,"y":1856,"w":691,"h":464,"offX":95,"offY":0,"sourceW":824,"sourceH":464},
"bigwinLight5_png":{"x":2793,"y":1392,"w":691,"h":464,"offX":95,"offY":0,"sourceW":824,"sourceH":464},
"bigwinLight6_png":{"x":3416,"y":1856,"w":674,"h":464,"offX":112,"offY":0,"sourceW":824,"sourceH":464},
"bigwinLight7_png":{"x":2742,"y":1856,"w":674,"h":464,"offX":112,"offY":0,"sourceW":824,"sourceH":464},
"bigwinLight8_png":{"x":1379,"y":1856,"w":682,"h":464,"offX":104,"offY":0,"sourceW":824,"sourceH":464},
"bigwinLight9_png":{"x":2097,"y":1392,"w":696,"h":464,"offX":104,"offY":0,"sourceW":824,"sourceH":464},
"bigwinLight10_png":{"x":1401,"y":1392,"w":696,"h":464,"offX":118,"offY":0,"sourceW":824,"sourceH":464},
"bigwinLight11_png":{"x":704,"y":1392,"w":697,"h":464,"offX":118,"offY":0,"sourceW":824,"sourceH":464},
"bigwinLight12_png":{"x":1974,"y":2320,"w":658,"h":464,"offX":118,"offY":0,"sourceW":824,"sourceH":464},
"bigwinLight13_png":{"x":1316,"y":2320,"w":658,"h":464,"offX":118,"offY":0,"sourceW":824,"sourceH":464},
"bigwinLight14_png":{"x":658,"y":2320,"w":658,"h":464,"offX":118,"offY":0,"sourceW":824,"sourceH":464},
"bigwinLight15_png":{"x":0,"y":2320,"w":658,"h":464,"offX":118,"offY":0,"sourceW":824,"sourceH":464},
"bigwinLight16_png":{"x":691,"y":1856,"w":688,"h":464,"offX":88,"offY":0,"sourceW":824,"sourceH":464},
"bigwinLight17_png":{"x":2177,"y":928,"w":712,"h":464,"offX":64,"offY":0,"sourceW":824,"sourceH":464},
"bigwinLight18_png":{"x":3041,"y":0,"w":744,"h":464,"offX":32,"offY":0,"sourceW":824,"sourceH":464},
"bigwinLight19_png":{"x":1488,"y":464,"w":744,"h":464,"offX":32,"offY":0,"sourceW":824,"sourceH":464},
"bigwinLight20_png":{"x":744,"y":464,"w":744,"h":464,"offX":32,"offY":0,"sourceW":824,"sourceH":464},
"bigwinLight21_png":{"x":0,"y":464,"w":744,"h":464,"offX":32,"offY":0,"sourceW":824,"sourceH":464},
"bigwinLight22_png":{"x":2296,"y":0,"w":745,"h":464,"offX":31,"offY":0,"sourceW":824,"sourceH":464},
"bigwinLight23_png":{"x":2968,"y":464,"w":736,"h":464,"offX":40,"offY":0,"sourceW":824,"sourceH":464},
"bigwinLight24_png":{"x":2232,"y":464,"w":736,"h":464,"offX":40,"offY":0,"sourceW":824,"sourceH":464},
"bigwinLight25_png":{"x":1457,"y":928,"w":720,"h":464,"offX":56,"offY":0,"sourceW":824,"sourceH":464},
"bigwinLight26_png":{"x":2889,"y":928,"w":709,"h":464,"offX":67,"offY":0,"sourceW":824,"sourceH":464},
"bigwinLight27_png":{"x":2061,"y":1856,"w":681,"h":464,"offX":95,"offY":0,"sourceW":824,"sourceH":464},
"bigwinLight28_png":{"x":0,"y":1392,"w":704,"h":464,"offX":72,"offY":0,"sourceW":824,"sourceH":464},
"bigwinLight29_png":{"x":729,"y":928,"w":728,"h":464,"offX":48,"offY":0,"sourceW":824,"sourceH":464}}}