{"file":"border.png","frames":{
"border32_png":{"x":204,"y":1200,"w":204,"h":400,"offX":0,"offY":0,"sourceW":204,"sourceH":400},
"border33_png":{"x":0,"y":1200,"w":204,"h":400,"offX":0,"offY":0,"sourceW":204,"sourceH":400},
"border34_png":{"x":1836,"y":800,"w":204,"h":400,"offX":0,"offY":0,"sourceW":204,"sourceH":400},
"border1_png":{"x":408,"y":1200,"w":204,"h":384,"offX":0,"offY":0,"sourceW":204,"sourceH":400},
"border2_png":{"x":612,"y":1200,"w":204,"h":384,"offX":0,"offY":0,"sourceW":204,"sourceH":400},
"border3_png":{"x":1632,"y":800,"w":204,"h":400,"offX":0,"offY":0,"sourceW":204,"sourceH":400},
"border4_png":{"x":1428,"y":800,"w":204,"h":400,"offX":0,"offY":0,"sourceW":204,"sourceH":400},
"border5_png":{"x":1224,"y":800,"w":204,"h":400,"offX":0,"offY":0,"sourceW":204,"sourceH":400},
"border6_png":{"x":1020,"y":800,"w":204,"h":400,"offX":0,"offY":0,"sourceW":204,"sourceH":400},
"border7_png":{"x":816,"y":800,"w":204,"h":400,"offX":0,"offY":0,"sourceW":204,"sourceH":400},
"border8_png":{"x":612,"y":800,"w":204,"h":400,"offX":0,"offY":0,"sourceW":204,"sourceH":400},
"border9_png":{"x":408,"y":800,"w":204,"h":400,"offX":0,"offY":0,"sourceW":204,"sourceH":400},
"border10_png":{"x":204,"y":800,"w":204,"h":400,"offX":0,"offY":0,"sourceW":204,"sourceH":400},
"border11_png":{"x":0,"y":800,"w":204,"h":400,"offX":0,"offY":0,"sourceW":204,"sourceH":400},
"border12_png":{"x":1836,"y":400,"w":204,"h":400,"offX":0,"offY":0,"sourceW":204,"sourceH":400},
"border13_png":{"x":1632,"y":400,"w":204,"h":400,"offX":0,"offY":0,"sourceW":204,"sourceH":400},
"border14_png":{"x":1428,"y":400,"w":204,"h":400,"offX":0,"offY":0,"sourceW":204,"sourceH":400},
"border15_png":{"x":1224,"y":400,"w":204,"h":400,"offX":0,"offY":0,"sourceW":204,"sourceH":400},
"border16_png":{"x":1020,"y":400,"w":204,"h":400,"offX":0,"offY":0,"sourceW":204,"sourceH":400},
"border17_png":{"x":816,"y":400,"w":204,"h":400,"offX":0,"offY":0,"sourceW":204,"sourceH":400},
"border18_png":{"x":612,"y":400,"w":204,"h":400,"offX":0,"offY":0,"sourceW":204,"sourceH":400},
"border19_png":{"x":408,"y":400,"w":204,"h":400,"offX":0,"offY":0,"sourceW":204,"sourceH":400},
"border20_png":{"x":204,"y":400,"w":204,"h":400,"offX":0,"offY":0,"sourceW":204,"sourceH":400},
"border21_png":{"x":0,"y":400,"w":204,"h":400,"offX":0,"offY":0,"sourceW":204,"sourceH":400},
"border22_png":{"x":1836,"y":0,"w":204,"h":400,"offX":0,"offY":0,"sourceW":204,"sourceH":400},
"border23_png":{"x":1632,"y":0,"w":204,"h":400,"offX":0,"offY":0,"sourceW":204,"sourceH":400},
"border24_png":{"x":1428,"y":0,"w":204,"h":400,"offX":0,"offY":0,"sourceW":204,"sourceH":400},
"border25_png":{"x":1224,"y":0,"w":204,"h":400,"offX":0,"offY":0,"sourceW":204,"sourceH":400},
"border26_png":{"x":1020,"y":0,"w":204,"h":400,"offX":0,"offY":0,"sourceW":204,"sourceH":400},
"border27_png":{"x":816,"y":0,"w":204,"h":400,"offX":0,"offY":0,"sourceW":204,"sourceH":400},
"border28_png":{"x":612,"y":0,"w":204,"h":400,"offX":0,"offY":0,"sourceW":204,"sourceH":400},
"border29_png":{"x":408,"y":0,"w":204,"h":400,"offX":0,"offY":0,"sourceW":204,"sourceH":400},
"border30_png":{"x":204,"y":0,"w":204,"h":400,"offX":0,"offY":0,"sourceW":204,"sourceH":400},
"border31_png":{"x":0,"y":0,"w":204,"h":400,"offX":0,"offY":0,"sourceW":204,"sourceH":400}}}