{"file":"T_tongqian.png","frames":{
"T_tongqian_1_png":{"x":116,"y":0,"w":116,"h":115,"offX":6,"offY":6,"sourceW":128,"sourceH":128},
"T_tongqian_2_png":{"x":342,"y":116,"w":110,"h":115,"offX":8,"offY":6,"sourceW":128,"sourceH":128},
"T_tongqian_3_png":{"x":399,"y":231,"w":87,"h":116,"offX":19,"offY":6,"sourceW":128,"sourceH":128},
"T_tongqian_4_png":{"x":87,"y":232,"w":52,"h":116,"offX":37,"offY":6,"sourceW":128,"sourceH":128},
"T_tongqian_5_png":{"x":486,"y":117,"w":8,"h":117,"offX":60,"offY":5,"sourceW":128,"sourceH":128},
"T_tongqian_6_png":{"x":0,"y":234,"w":51,"h":117,"offX":39,"offY":5,"sourceW":128,"sourceH":128},
"T_tongqian_7_png":{"x":225,"y":117,"w":87,"h":117,"offX":22,"offY":5,"sourceW":128,"sourceH":128},
"T_tongqian_8_png":{"x":232,"y":0,"w":110,"h":117,"offX":10,"offY":5,"sourceW":128,"sourceH":128},
"T_tongqian_9_png":{"x":0,"y":0,"w":116,"h":117,"offX":6,"offY":5,"sourceW":128,"sourceH":128},
"T_tongqian_10_png":{"x":116,"y":115,"w":109,"h":117,"offX":9,"offY":5,"sourceW":128,"sourceH":128},
"T_tongqian_11_png":{"x":0,"y":117,"w":87,"h":117,"offX":19,"offY":5,"sourceW":128,"sourceH":128},
"T_tongqian_12_png":{"x":139,"y":232,"w":51,"h":117,"offX":38,"offY":5,"sourceW":128,"sourceH":128},
"T_tongqian_13_png":{"x":504,"y":0,"w":8,"h":117,"offX":60,"offY":5,"sourceW":128,"sourceH":128},
"T_tongqian_14_png":{"x":452,"y":0,"w":52,"h":117,"offX":39,"offY":5,"sourceW":128,"sourceH":128},
"T_tongqian_15_png":{"x":312,"y":231,"w":87,"h":116,"offX":22,"offY":6,"sourceW":128,"sourceH":128},
"T_tongqian_16_png":{"x":342,"y":0,"w":110,"h":116,"offX":10,"offY":6,"sourceW":128,"sourceH":128}}}