{"file":"title.png","frames":{
"title8_png":{"x":354,"y":504,"w":354,"h":126,"offX":0,"offY":0,"sourceW":354,"sourceH":126},
"title9_png":{"x":0,"y":504,"w":354,"h":126,"offX":0,"offY":0,"sourceW":354,"sourceH":126},
"title10_png":{"x":1416,"y":378,"w":354,"h":126,"offX":0,"offY":0,"sourceW":354,"sourceH":126},
"title11_png":{"x":1062,"y":378,"w":354,"h":126,"offX":0,"offY":0,"sourceW":354,"sourceH":126},
"title12_png":{"x":708,"y":378,"w":354,"h":126,"offX":0,"offY":0,"sourceW":354,"sourceH":126},
"title13_png":{"x":354,"y":378,"w":354,"h":126,"offX":0,"offY":0,"sourceW":354,"sourceH":126},
"title14_png":{"x":0,"y":378,"w":354,"h":126,"offX":0,"offY":0,"sourceW":354,"sourceH":126},
"title15_png":{"x":1416,"y":252,"w":354,"h":126,"offX":0,"offY":0,"sourceW":354,"sourceH":126},
"title16_png":{"x":1062,"y":252,"w":354,"h":126,"offX":0,"offY":0,"sourceW":354,"sourceH":126},
"title17_png":{"x":708,"y":252,"w":354,"h":126,"offX":0,"offY":0,"sourceW":354,"sourceH":126},
"title18_png":{"x":354,"y":252,"w":354,"h":126,"offX":0,"offY":0,"sourceW":354,"sourceH":126},
"title19_png":{"x":0,"y":252,"w":354,"h":126,"offX":0,"offY":0,"sourceW":354,"sourceH":126},
"title20_png":{"x":1416,"y":126,"w":354,"h":126,"offX":0,"offY":0,"sourceW":354,"sourceH":126},
"title21_png":{"x":1062,"y":126,"w":354,"h":126,"offX":0,"offY":0,"sourceW":354,"sourceH":126},
"title22_png":{"x":708,"y":126,"w":354,"h":126,"offX":0,"offY":0,"sourceW":354,"sourceH":126},
"title1_png":{"x":354,"y":126,"w":354,"h":126,"offX":0,"offY":0,"sourceW":354,"sourceH":126},
"title2_png":{"x":0,"y":126,"w":354,"h":126,"offX":0,"offY":0,"sourceW":354,"sourceH":126},
"title3_png":{"x":1416,"y":0,"w":354,"h":126,"offX":0,"offY":0,"sourceW":354,"sourceH":126},
"title4_png":{"x":1062,"y":0,"w":354,"h":126,"offX":0,"offY":0,"sourceW":354,"sourceH":126},
"title5_png":{"x":708,"y":0,"w":354,"h":126,"offX":0,"offY":0,"sourceW":354,"sourceH":126},
"title6_png":{"x":354,"y":0,"w":354,"h":126,"offX":0,"offY":0,"sourceW":354,"sourceH":126},
"title7_png":{"x":0,"y":0,"w":354,"h":126,"offX":0,"offY":0,"sourceW":354,"sourceH":126}}}