{"file":"wildAni.png","frames":{
"wildAni19_png":{"x":828,"y":606,"w":207,"h":202,"offX":0,"offY":0,"sourceW":207,"sourceH":202},
"wildAni20_png":{"x":621,"y":606,"w":207,"h":202,"offX":0,"offY":0,"sourceW":207,"sourceH":202},
"wildAni21_png":{"x":414,"y":606,"w":207,"h":202,"offX":0,"offY":0,"sourceW":207,"sourceH":202},
"wildAni22_png":{"x":207,"y":606,"w":207,"h":202,"offX":0,"offY":0,"sourceW":207,"sourceH":202},
"wildAni23_png":{"x":0,"y":606,"w":207,"h":202,"offX":0,"offY":0,"sourceW":207,"sourceH":202},
"wildAni24_png":{"x":1656,"y":404,"w":207,"h":202,"offX":0,"offY":0,"sourceW":207,"sourceH":202},
"wildAni25_png":{"x":1449,"y":404,"w":207,"h":202,"offX":0,"offY":0,"sourceW":207,"sourceH":202},
"wildAni26_png":{"x":1242,"y":404,"w":207,"h":202,"offX":0,"offY":0,"sourceW":207,"sourceH":202},
"wildAni27_png":{"x":1035,"y":404,"w":207,"h":202,"offX":0,"offY":0,"sourceW":207,"sourceH":202},
"wildAni28_png":{"x":828,"y":404,"w":207,"h":202,"offX":0,"offY":0,"sourceW":207,"sourceH":202},
"wildAni29_png":{"x":621,"y":404,"w":207,"h":202,"offX":0,"offY":0,"sourceW":207,"sourceH":202},
"wildAni30_png":{"x":414,"y":404,"w":207,"h":202,"offX":0,"offY":0,"sourceW":207,"sourceH":202},
"wildAni31_png":{"x":207,"y":404,"w":207,"h":202,"offX":0,"offY":0,"sourceW":207,"sourceH":202},
"wildAni32_png":{"x":0,"y":404,"w":207,"h":202,"offX":0,"offY":0,"sourceW":207,"sourceH":202},
"wildAni33_png":{"x":1656,"y":202,"w":207,"h":202,"offX":0,"offY":0,"sourceW":207,"sourceH":202},
"wildAni34_png":{"x":1449,"y":202,"w":207,"h":202,"offX":0,"offY":0,"sourceW":207,"sourceH":202},
"wildAni35_png":{"x":1035,"y":606,"w":206,"h":202,"offX":0,"offY":0,"sourceW":207,"sourceH":202},
"wildAni36_png":{"x":1241,"y":606,"w":204,"h":202,"offX":2,"offY":0,"sourceW":207,"sourceH":202},
"wildAni1_png":{"x":1649,"y":606,"w":202,"h":202,"offX":3,"offY":0,"sourceW":207,"sourceH":202},
"wildAni2_png":{"x":1445,"y":606,"w":204,"h":202,"offX":2,"offY":0,"sourceW":207,"sourceH":202},
"wildAni3_png":{"x":1242,"y":202,"w":207,"h":202,"offX":0,"offY":0,"sourceW":207,"sourceH":202},
"wildAni4_png":{"x":1035,"y":202,"w":207,"h":202,"offX":0,"offY":0,"sourceW":207,"sourceH":202},
"wildAni5_png":{"x":828,"y":202,"w":207,"h":202,"offX":0,"offY":0,"sourceW":207,"sourceH":202},
"wildAni6_png":{"x":621,"y":202,"w":207,"h":202,"offX":0,"offY":0,"sourceW":207,"sourceH":202},
"wildAni7_png":{"x":414,"y":202,"w":207,"h":202,"offX":0,"offY":0,"sourceW":207,"sourceH":202},
"wildAni8_png":{"x":207,"y":202,"w":207,"h":202,"offX":0,"offY":0,"sourceW":207,"sourceH":202},
"wildAni9_png":{"x":0,"y":202,"w":207,"h":202,"offX":0,"offY":0,"sourceW":207,"sourceH":202},
"wildAni10_png":{"x":1656,"y":0,"w":207,"h":202,"offX":0,"offY":0,"sourceW":207,"sourceH":202},
"wildAni11_png":{"x":1449,"y":0,"w":207,"h":202,"offX":0,"offY":0,"sourceW":207,"sourceH":202},
"wildAni12_png":{"x":1242,"y":0,"w":207,"h":202,"offX":0,"offY":0,"sourceW":207,"sourceH":202},
"wildAni13_png":{"x":1035,"y":0,"w":207,"h":202,"offX":0,"offY":0,"sourceW":207,"sourceH":202},
"wildAni14_png":{"x":828,"y":0,"w":207,"h":202,"offX":0,"offY":0,"sourceW":207,"sourceH":202},
"wildAni15_png":{"x":621,"y":0,"w":207,"h":202,"offX":0,"offY":0,"sourceW":207,"sourceH":202},
"wildAni16_png":{"x":414,"y":0,"w":207,"h":202,"offX":0,"offY":0,"sourceW":207,"sourceH":202},
"wildAni17_png":{"x":207,"y":0,"w":207,"h":202,"offX":0,"offY":0,"sourceW":207,"sourceH":202},
"wildAni18_png":{"x":0,"y":0,"w":207,"h":202,"offX":0,"offY":0,"sourceW":207,"sourceH":202}}}