{"file":"wildText.png","frames":{
"wildText48_png":{"x":726,"y":268,"w":20,"h":6,"offX":118,"offY":29,"sourceW":256,"sourceH":64},
"wildText49_png":{"x":1014,"y":150,"w":10,"h":4,"offX":123,"offY":30,"sourceW":256,"sourceH":64},
"wildText2_png":{"x":96,"y":260,"w":70,"h":22,"offX":93,"offY":21,"sourceW":256,"sourceH":64},
"wildText3_png":{"x":172,"y":254,"w":104,"h":32,"offX":76,"offY":16,"sourceW":256,"sourceH":64},
"wildText4_png":{"x":748,"y":244,"w":138,"h":42,"offX":59,"offY":11,"sourceW":256,"sourceH":64},
"wildText5_png":{"x":0,"y":208,"w":172,"h":52,"offX":42,"offY":6,"sourceW":256,"sourceH":64},
"wildText6_png":{"x":860,"y":50,"w":162,"h":50,"offX":47,"offY":7,"sourceW":256,"sourceH":64},
"wildText7_png":{"x":172,"y":208,"w":152,"h":46,"offX":52,"offY":9,"sourceW":256,"sourceH":64},
"wildText8_png":{"x":468,"y":208,"w":140,"h":44,"offX":58,"offY":10,"sourceW":256,"sourceH":64},
"wildText9_png":{"x":324,"y":252,"w":130,"h":40,"offX":63,"offY":12,"sourceW":256,"sourceH":64},
"wildText10_png":{"x":608,"y":208,"w":140,"h":44,"offX":58,"offY":10,"sourceW":256,"sourceH":64},
"wildText11_png":{"x":860,"y":198,"w":152,"h":46,"offX":52,"offY":9,"sourceW":256,"sourceH":64},
"wildText12_png":{"x":860,"y":100,"w":162,"h":50,"offX":47,"offY":7,"sourceW":256,"sourceH":64},
"wildText13_png":{"x":688,"y":156,"w":172,"h":52,"offX":42,"offY":6,"sourceW":256,"sourceH":64},
"wildText14_png":{"x":516,"y":156,"w":172,"h":52,"offX":42,"offY":6,"sourceW":256,"sourceH":64},
"wildText15_png":{"x":344,"y":156,"w":172,"h":52,"offX":42,"offY":6,"sourceW":256,"sourceH":64},
"wildText16_png":{"x":172,"y":156,"w":172,"h":52,"offX":42,"offY":6,"sourceW":256,"sourceH":64},
"wildText17_png":{"x":0,"y":156,"w":172,"h":52,"offX":42,"offY":6,"sourceW":256,"sourceH":64},
"wildText18_png":{"x":688,"y":104,"w":172,"h":52,"offX":42,"offY":6,"sourceW":256,"sourceH":64},
"wildText19_png":{"x":516,"y":104,"w":172,"h":52,"offX":42,"offY":6,"sourceW":256,"sourceH":64},
"wildText20_png":{"x":344,"y":104,"w":172,"h":52,"offX":42,"offY":6,"sourceW":256,"sourceH":64},
"wildText21_png":{"x":172,"y":104,"w":172,"h":52,"offX":42,"offY":6,"sourceW":256,"sourceH":64},
"wildText22_png":{"x":0,"y":104,"w":172,"h":52,"offX":42,"offY":6,"sourceW":256,"sourceH":64},
"wildText23_png":{"x":688,"y":52,"w":172,"h":52,"offX":42,"offY":6,"sourceW":256,"sourceH":64},
"wildText24_png":{"x":516,"y":52,"w":172,"h":52,"offX":42,"offY":6,"sourceW":256,"sourceH":64},
"wildText25_png":{"x":344,"y":52,"w":172,"h":52,"offX":42,"offY":6,"sourceW":256,"sourceH":64},
"wildText26_png":{"x":172,"y":52,"w":172,"h":52,"offX":42,"offY":6,"sourceW":256,"sourceH":64},
"wildText27_png":{"x":0,"y":52,"w":172,"h":52,"offX":42,"offY":6,"sourceW":256,"sourceH":64},
"wildText28_png":{"x":688,"y":0,"w":172,"h":52,"offX":42,"offY":6,"sourceW":256,"sourceH":64},
"wildText29_png":{"x":516,"y":0,"w":172,"h":52,"offX":42,"offY":6,"sourceW":256,"sourceH":64},
"wildText30_png":{"x":344,"y":0,"w":172,"h":52,"offX":42,"offY":6,"sourceW":256,"sourceH":64},
"wildText31_png":{"x":172,"y":0,"w":172,"h":52,"offX":42,"offY":6,"sourceW":256,"sourceH":64},
"wildText32_png":{"x":0,"y":0,"w":172,"h":52,"offX":42,"offY":6,"sourceW":256,"sourceH":64},
"wildText33_png":{"x":860,"y":0,"w":164,"h":50,"offX":46,"offY":7,"sourceW":256,"sourceH":64},
"wildText34_png":{"x":860,"y":150,"w":154,"h":48,"offX":51,"offY":8,"sourceW":256,"sourceH":64},
"wildText35_png":{"x":324,"y":208,"w":144,"h":44,"offX":56,"offY":10,"sourceW":256,"sourceH":64},
"wildText36_png":{"x":886,"y":244,"w":134,"h":42,"offX":61,"offY":11,"sourceW":256,"sourceH":64},
"wildText37_png":{"x":454,"y":252,"w":126,"h":38,"offX":65,"offY":13,"sourceW":256,"sourceH":64},
"wildText38_png":{"x":580,"y":252,"w":116,"h":36,"offX":70,"offY":14,"sourceW":256,"sourceH":64},
"wildText39_png":{"x":748,"y":208,"w":106,"h":32,"offX":75,"offY":16,"sourceW":256,"sourceH":64},
"wildText40_png":{"x":0,"y":260,"w":96,"h":30,"offX":80,"offY":17,"sourceW":256,"sourceH":64},
"wildText41_png":{"x":96,"y":286,"w":86,"h":26,"offX":85,"offY":19,"sourceW":256,"sourceH":64},
"wildText42_png":{"x":182,"y":286,"w":78,"h":24,"offX":89,"offY":20,"sourceW":256,"sourceH":64},
"wildText43_png":{"x":696,"y":286,"w":68,"h":22,"offX":94,"offY":21,"sourceW":256,"sourceH":64},
"wildText44_png":{"x":260,"y":286,"w":58,"h":18,"offX":99,"offY":23,"sourceW":256,"sourceH":64},
"wildText45_png":{"x":696,"y":252,"w":48,"h":16,"offX":104,"offY":24,"sourceW":256,"sourceH":64},
"wildText46_png":{"x":276,"y":254,"w":40,"h":12,"offX":108,"offY":26,"sourceW":256,"sourceH":64},
"wildText47_png":{"x":696,"y":268,"w":30,"h":10,"offX":113,"offY":27,"sourceW":256,"sourceH":64},
"wildText1_png":{"x":276,"y":266,"w":36,"h":12,"offX":110,"offY":26,"sourceW":256,"sourceH":64}}}