{
"texture":"bonusParticle.png",
"tangentialAcceleration":0
,"maxRadiusVariance":30
,"lifespan":2230
,"tangentialAccelerationVariance":0
,"minRadius":20
,"lifespanVariance":700
,"minRadiusVariance":10
,"startBlueVariance":0
,"endGreen":255
,"rotatePerSecond":30
,"startSizeVariance":10
,"startGreen":255
,"rotatePerSecondVariance":10
,"endSize":10
,"engGreenVariance":0
,"endBlueVariance":0
,"endSizeVariance":5
,"gravity":{"x":0,"y":10}
,"emitAngle":270
,"endAlpha":1
,"emitAngleVariance":80
,"endAlphaVariance":0
,"startAlphaVariance":0
,"startRotation":0
,"startRotationVariance":45
,"startRedVariance":0
,"endRotation":0
,"startRed":255
,"endRotationVariance":0
,"maxRadius":100
,"startBlue":255
,"startAlpha":0.8901960784313725
,"speedVariance":0
,"endRed":255
,"maxParticles":30
,"endRedVariance":0
,"startSize":20
,"emitter":{"x":548,"y":401}
,"speed":50
,"radialAcceleration":0
,"emitterVariance":{"x":20,"y":20}
,"endBlue":255
,"duration":-1
,"blendFactorSource":"one"
,"startGreenVariance":0
,"blendFactorDestination":"oneMinusSourceAlpha"
,"radialAccelerationVariance":0
,"emitterType":0
}