{
"texture":"particle_yuanbao.png",
"startRotation":0
,"startBlue":255
,"endAlphaVariance":0
,"startRotationVariance":360
,"endBlue":255
,"endRotation":260
,"engGreenVariance":0
,"endRotationVariance":50
,"maxRadius":100
,"startBlueVariance":0
,"startSizeVariance":20
,"gravity":{"x":0,"y":1500}
,"speedVariance":20
,"maxParticles":200
,"startAlphaVariance":0
,"blendFactorSource":"one"
,"startRedVariance":0
,"radialAcceleration":0
,"blendFactorDestination":"oneMinusSourceAlpha"
,"radialAccelerationVariance":0
,"tangentialAcceleration":0
,"endRedVariance":0
,"startAlpha":0.8901960784313725
,"tangentialAccelerationVariance":0
,"duration":-1
,"startGreen":255
,"maxRadiusVariance":30
,"lifespan":4000
,"emitterVariance":{"x":100,"y":20}
,"minRadius":20
,"lifespanVariance":700
,"endBlueVariance":0
,"minRadiusVariance":10
,"emitter":{"x":960,"y":440}
,"endGreen":255
,"rotatePerSecond":300
,"endRed":255
,"startGreenVariance":0
,"rotatePerSecondVariance":10
,"endAlpha":1
,"startRed":255
,"startSize":100
,"emitterType":0
,"speed":1100
,"emitAngle":-90
,"endSize":100
,"emitAngleVariance":40
,"endSizeVariance":20
}